replicate,feature,coefficient
0,goals_prev,0.6884332282138939
0,assists_prev,0.02227842590278844
0,minutes_prev,0.3520414978834765
0,goals_per90_prev,-0.05256898821927752
0,appearances_prev,-0.2302236995653772
0,age,-0.1167744369142801
0,valuation_eur,0.15021550078969031
0,valuation_growth_12m,-0.00363211139747389
0,club_mean_valuation_eur,0.42063380117972693
0,height_cm,0.19689271985834203
0,club_change_known_at_cutoff,0.01956420511151644
0,position_Attacking Midfield,-0.7887638417832346
0,position_Centre-Forward,0.4016675100431827
0,position_Left Winger,0.21022610860699933
0,position_Right Winger,-0.10640207331979748
0,position_Second Striker,0.14123149101492974
0,league_ES1,-0.14083049571862968
0,league_FR1,0.1843815222768094
0,league_GB1,-0.47188017552285755
0,league_IT1,0.12898852851407328
0,league_L1,-0.5901747382772986
0,league_NL1,0.41800723721152344
0,league_PO1,0.15446070349281724
0,league_RU1,-0.01570593444326167
0,league_TR1,0.1907125470289027
0,foot_Unknown,0.4505995853686044
0,foot_both,-0.18984923097015574
0,foot_left,-0.23425909812788703
0,foot_right,-0.16853206170849686
1,goals_prev,0.532985415888747
1,assists_prev,0.007173041224065845
1,minutes_prev,0.4889263377797022
1,goals_per90_prev,0.04887862282255494
1,appearances_prev,-0.25597580556163185
1,age,0.01803816035225199
1,valuation_eur,0.2820466037858172
1,valuation_growth_12m,0.012786200708384295
1,club_mean_valuation_eur,0.4590969463121749
1,height_cm,0.1217152773805087
1,club_change_known_at_cutoff,0.03417592843235553
1,position_Attacking Midfield,-0.47858920990571835
1,position_Centre-Forward,0.44611953831424866
1,position_Left Winger,-0.015020354674402306
1,position_Right Winger,-0.113229138644137
1,position_Second Striker,0.09842467374597062
1,league_ES1,-0.15847239824823703
1,league_FR1,0.23467766909423834
1,league_GB1,-0.21319197815904797
1,league_IT1,0.14205491551409774
1,league_L1,-0.25854106194276677
1,league_NL1,0.4874131144699213
1,league_PO1,0.09265136271463771
1,league_RU1,-0.39976636409087957
1,league_TR1,0.010880249484004562
1,foot_Unknown,0.04112451075936832
1,foot_both,-0.0418160693083167
1,foot_left,-0.03949381316985924
1,foot_right,-0.022109119445235876
2,goals_prev,0.5738162517049984
2,assists_prev,0.02547681464243897
2,minutes_prev,0.40806768212345884
2,goals_per90_prev,0.08236892655191029
2,appearances_prev,-0.2750980224337781
2,age,-0.06919812284961806
2,valuation_eur,0.2804050918874081
2,valuation_growth_12m,-0.013912856381438955
2,club_mean_valuation_eur,0.3456376748612828
2,height_cm,0.028886653520268528
2,club_change_known_at_cutoff,0.01114463468290039
2,position_Attacking Midfield,-0.5669883955643975
2,position_Centre-Forward,0.6525510992739152
2,position_Left Winger,-0.11635061788969513
2,position_Right Winger,-0.23636624099864698
2,position_Second Striker,0.2398417129599852
2,league_ES1,-0.15702435029861606
2,league_FR1,0.1640254558383956
2,league_GB1,-0.32884795773716996
2,league_IT1,0.18414883757826886
2,league_L1,-0.253123249000748
2,league_NL1,0.4091204702188592
2,league_PO1,0.14769078932808044
2,league_RU1,-0.09152073583753768
2,league_TR1,-0.10178170230836095
2,foot_Unknown,0.519268262463694
2,foot_both,-0.020490828462489487
2,foot_left,-0.3834935744994576
2,foot_right,-0.14259630172057533
3,goals_prev,0.21557673979662006
3,assists_prev,-0.006775933942437024
3,minutes_prev,0.6812417750212363
3,goals_per90_prev,0.389671022671087
3,appearances_prev,-0.31103221523395913
3,age,-0.1059275320287862
3,valuation_eur,0.05321586368138691
3,valuation_growth_12m,0.015478201921784668
3,club_mean_valuation_eur,0.5674300988874263
3,height_cm,0.1963843455335208
3,club_change_known_at_cutoff,0.10205316240179439
3,position_Attacking Midfield,-0.3493214491627186
3,position_Centre-Forward,0.49661162230916805
3,position_Left Winger,-0.05802808568860028
3,position_Right Winger,-0.12611206773139422
3,position_Second Striker,0.015629969411399196
3,league_ES1,-0.11917020441855976
3,league_FR1,0.34192360257294063
3,league_GB1,-0.30377454684201816
3,league_IT1,0.22349355188310016
3,league_L1,-0.48830320427217516
3,league_NL1,0.5062332351070711
3,league_PO1,0.08158777056664467
3,league_RU1,-0.4329801220552814
3,league_TR1,0.1697699065961277
3,foot_Unknown,1.0367928540936575
3,foot_both,-0.05306661936417396
3,foot_left,-0.6465577432008883
3,foot_right,-0.35838850239073355
4,goals_prev,0.7209609331025982
4,assists_prev,0.04191441670388599
4,minutes_prev,0.26021787495957566
4,goals_per90_prev,-0.07405623577961787
4,appearances_prev,-0.1264049815296371
4,age,0.006016922136746849
4,valuation_eur,0.3050782636030793
4,valuation_growth_12m,0.009297917426834345
4,club_mean_valuation_eur,0.30116779887146955
4,height_cm,0.07571188468864821
4,club_change_known_at_cutoff,0.005606043200433256
4,position_Attacking Midfield,-0.33597645065725995
4,position_Centre-Forward,0.5558926815495665
4,position_Left Winger,-0.0008603452550259658
4,position_Right Winger,0.022029139508764298
4,position_Second Striker,-0.287866003688805
4,league_ES1,-0.23447038435682022
4,league_FR1,0.2829865493737404
4,league_GB1,-0.32443855608690964
4,league_IT1,0.14821172473765898
4,league_L1,-0.19535357833883843
4,league_NL1,0.4209801201160887
4,league_PO1,0.04486868737240606
4,league_RU1,-0.35277288078813085
4,league_TR1,0.16320733942805118
4,foot_Unknown,-0.1947335545206569
4,foot_both,-0.06956995755347822
4,foot_left,-0.005823102350727565
4,foot_right,0.22334563588210884
5,goals_prev,0.36461530602798986
5,assists_prev,0.09803681248584196
5,minutes_prev,0.5313336183921236
5,goals_per90_prev,0.30143378441077356
5,appearances_prev,-0.2818484735050006
5,age,-0.09157281619591934
5,valuation_eur,0.09609358780763433
5,valuation_growth_12m,0.05658435493521143
5,club_mean_valuation_eur,0.43388488473812636
5,height_cm,0.14517933799056668
5,club_change_known_at_cutoff,0.0982838728877454
5,position_Attacking Midfield,-0.5382390895437699
5,position_Centre-Forward,0.5006559940266855
5,position_Left Winger,0.244446035504942
5,position_Right Winger,-0.1541036065556825
5,position_Second Striker,-0.1146652745980877
5,league_ES1,0.0038299645008359404
5,league_FR1,0.2859583384699008
5,league_GB1,-0.19472642315060143
5,league_IT1,-0.03712199889535511
5,league_L1,-0.3797858516304813
5,league_NL1,0.33230569361083995
5,league_PO1,0.06871707908245263
5,league_RU1,-0.3282429938205226
5,league_TR1,0.18716025066701747
5,foot_Unknown,0.4436449872758499
5,foot_both,0.028454137081194392
5,foot_left,-0.3896842485874941
5,foot_right,-0.14432081693547985
6,goals_prev,0.08197869182020395
6,assists_prev,0.012351543073722264
6,minutes_prev,0.7477580022388989
6,goals_per90_prev,0.454218164436413
6,appearances_prev,-0.40833709864882717
6,age,-0.019541253236455294
6,valuation_eur,0.28710261122396147
6,valuation_growth_12m,-0.007754038489585266
6,club_mean_valuation_eur,0.4893957684616292
6,height_cm,0.02080622116925338
6,club_change_known_at_cutoff,0.0663899290812704
6,position_Attacking Midfield,-0.5562687448597058
6,position_Centre-Forward,0.6111465455998022
6,position_Left Winger,-0.045702916270404945
6,position_Right Winger,-0.13356754844654475
6,position_Second Striker,0.13741941690420087
6,league_ES1,-0.34527124365648254
6,league_FR1,-0.08899800118592668
6,league_GB1,-0.24388034511558077
6,league_IT1,-0.0315297295598934
6,league_L1,-0.20498888852420488
6,league_NL1,1.090242225675519
6,league_PO1,0.1093966622093911
6,league_RU1,-0.6693638574579639
6,league_TR1,0.39741993054250857
6,foot_Unknown,1.1463342311302658
6,foot_both,-0.5471581686052042
6,foot_left,-0.31726802510888813
6,foot_right,-0.2688812844887768
7,goals_prev,0.18164074697899088
7,assists_prev,0.047328801992166276
7,minutes_prev,0.6642196533485183
7,goals_per90_prev,0.45910519942562245
7,appearances_prev,-0.20151467034876713
7,age,-0.046632063313991653
7,valuation_eur,0.11106469840026212
7,valuation_growth_12m,0.006246554673081058
7,club_mean_valuation_eur,0.45825928895717943
7,height_cm,0.1636949647383319
7,club_change_known_at_cutoff,0.010777617961162863
7,position_Attacking Midfield,-0.6089860279494795
7,position_Centre-Forward,0.4563339906575778
7,position_Left Winger,0.03959428550768414
7,position_Right Winger,-0.11680166576619422
7,position_Second Striker,0.18204811707716928
7,league_ES1,0.17245628454428813
7,league_FR1,0.26708342125821116
7,league_GB1,-0.3375369404391666
7,league_IT1,0.08597254249932489
7,league_L1,-0.4303001185038257
7,league_NL1,0.4032631155042864
7,league_PO1,0.48476030192821773
7,league_RU1,-0.6013096438947476
7,league_TR1,-0.09220026336981106
7,foot_Unknown,1.0717872512726592
7,foot_both,-0.7145396725390863
7,foot_left,-0.33882256901344154
7,foot_right,-0.06623631019335714
8,goals_prev,0.6848364038961028
8,assists_prev,0.04769461126046108
8,minutes_prev,0.17897046339679318
8,goals_per90_prev,0.021212021315901684
8,appearances_prev,-0.14264767623251012
8,age,-0.005053847991492134
8,valuation_eur,0.43247877432214016
8,valuation_growth_12m,0.08138379351439876
8,club_mean_valuation_eur,0.1882381792242709
8,height_cm,0.23107403032801146
8,club_change_known_at_cutoff,0.05408110470592667
8,position_Attacking Midfield,-0.6633314283439604
8,position_Centre-Forward,0.3705282397989006
8,position_Left Winger,0.05745970603197878
8,position_Right Winger,-0.06064659928588436
8,position_Second Striker,0.18311686479113182
8,league_ES1,-0.15950992256068733
8,league_FR1,0.10086370408980437
8,league_GB1,-0.11495317485219592
8,league_IT1,0.30184683479569796
8,league_L1,-0.6748695722483461
8,league_NL1,0.7035427922601534
8,league_PO1,0.03720609859029516
8,league_RU1,-0.20973291494123114
8,league_TR1,-0.09726706214132161
8,foot_Unknown,0.8472743797573427
8,foot_both,-0.049392296420835057
8,foot_left,-0.6535544895636327
8,foot_right,-0.25720081078071577
9,goals_prev,0.5237364271510601
9,assists_prev,0.09002139498796427
9,minutes_prev,0.46931626653846253
9,goals_per90_prev,0.15685334292273145
9,appearances_prev,-0.3506357541665869
9,age,0.02686930898620977
9,valuation_eur,0.2635942146620372
9,valuation_growth_12m,0.13688043128495136
9,club_mean_valuation_eur,0.39492217018581344
9,height_cm,0.06290359011745857
9,club_change_known_at_cutoff,0.16491689110602575
9,position_Attacking Midfield,-0.4983154293130377
9,position_Centre-Forward,0.6173068697853693
9,position_Left Winger,0.22790923925214535
9,position_Right Winger,-0.2972049467306514
9,position_Second Striker,-0.053245814955908036
9,league_ES1,-0.09824346329560853
9,league_FR1,0.27314166740005774
9,league_GB1,-0.5106973370938184
9,league_IT1,0.048305759476958504
9,league_L1,-0.05134318506944398
9,league_NL1,0.5164117750398121
9,league_PO1,0.06091473601450984
9,league_RU1,-0.31712366633952405
9,league_TR1,0.07508363190496724
9,foot_Unknown,0.8529662749717696
9,foot_both,-0.10154024890635713
9,foot_left,-0.44162942025161356
9,foot_right,-0.3133466877758534
10,goals_prev,0.4298958640524584
10,assists_prev,0.04068640480005022
10,minutes_prev,0.22969160042524103
10,goals_per90_prev,0.25073211292929026
10,appearances_prev,0.01192562626304411
10,age,0.052238491309878385
10,valuation_eur,0.4819587549235326
10,valuation_growth_12m,0.0763506980344734
10,club_mean_valuation_eur,0.14277499362220883
10,height_cm,0.17983837387874096
10,club_change_known_at_cutoff,0.101820842426172
10,position_Attacking Midfield,-0.47413272193253264
10,position_Centre-Forward,0.28056455378839606
10,position_Left Winger,-0.12536241342185456
10,position_Right Winger,-0.11831454009184415
10,position_Second Striker,0.40073900277273516
10,league_ES1,-0.07251976591002586
10,league_FR1,0.129024790099411
10,league_GB1,-0.413032594847565
10,league_IT1,-0.10144146570942891
10,league_L1,-0.1660763596864168
10,league_NL1,0.7075739166104028
10,league_PO1,0.23790854755074295
10,league_RU1,-0.4885020990256969
10,league_TR1,0.13055891203348283
10,foot_Unknown,0.7117853874609728
10,foot_both,-0.2679545524759926
10,foot_left,-0.3788392277269193
10,foot_right,-0.1014977261431626
11,goals_prev,0.23036123759194557
11,assists_prev,-0.036447715935499427
11,minutes_prev,0.6445180966333034
11,goals_per90_prev,0.3362143697900444
11,appearances_prev,-0.19527493854441746
11,age,-0.10849626205584002
11,valuation_eur,0.28181871047365553
11,valuation_growth_12m,-0.018551055316064328
11,club_mean_valuation_eur,0.372140825103408
11,height_cm,0.06118527360052548
11,club_change_known_at_cutoff,0.004223408307134762
11,position_Attacking Midfield,-0.6376779808340961
11,position_Centre-Forward,0.4397545618159828
11,position_Left Winger,-0.08283295380664941
11,position_Right Winger,-0.14939030258994035
11,position_Second Striker,0.3981143365370707
11,league_ES1,-0.20962885622640648
11,league_FR1,0.0413341296376521
11,league_GB1,-0.3464683459372497
11,league_IT1,0.21604087876549624
11,league_L1,-0.22190528643411442
11,league_NL1,0.6674156213758345
11,league_PO1,0.015135140824570252
11,league_RU1,-0.23664233383355124
11,league_TR1,0.04268671295013473
11,foot_Unknown,0.7254848244755433
11,foot_both,-0.22567096677531753
11,foot_left,-0.4141203571250618
11,foot_right,-0.11772583945281132
12,goals_prev,0.28752556115866457
12,assists_prev,0.0823632904720915
12,minutes_prev,0.35998229228144357
12,goals_per90_prev,0.302515374861051
12,appearances_prev,-0.17273138435928756
12,age,-0.011361225496592646
12,valuation_eur,0.347599258182759
12,valuation_growth_12m,-0.04934137816504251
12,club_mean_valuation_eur,0.26763228530248917
12,height_cm,0.13897349179167465
12,club_change_known_at_cutoff,0.08998026384693336
12,position_Attacking Midfield,-0.47009485433404674
12,position_Centre-Forward,0.33417324682547367
12,position_Left Winger,0.11221613845824116
12,position_Right Winger,-0.30257810538691826
12,position_Second Striker,0.3106745250988037
12,league_ES1,-0.11538543765799256
12,league_FR1,0.08698817283857455
12,league_GB1,-0.3229159432683064
12,league_IT1,-0.04652814805553652
12,league_L1,-0.3175411596714545
12,league_NL1,0.8202284103107333
12,league_PO1,0.07396208816382062
12,league_RU1,-0.26671087834019674
12,league_TR1,0.07229384634190962
12,foot_Unknown,0.5066943878058299
12,foot_both,0.22738625062350135
12,foot_left,-0.4786616470516412
12,foot_right,-0.27102804071613423
13,goals_prev,0.23945187483763566
13,assists_prev,0.07430493495490054
13,minutes_prev,0.5088866422033497
13,goals_per90_prev,0.3752240771331962
13,appearances_prev,-0.14047176391753513
13,age,-0.15066649184800998
13,valuation_eur,0.19137864813674776
13,valuation_growth_12m,0.05701881121565054
13,club_mean_valuation_eur,0.3513387984865878
13,height_cm,0.14100070040844315
13,club_change_known_at_cutoff,0.07080714174056442
13,position_Attacking Midfield,-0.6509451132680627
13,position_Centre-Forward,0.5559432833423573
13,position_Left Winger,0.07308850352709008
13,position_Right Winger,-0.180160440347643
13,position_Second Striker,0.16207786268683708
13,league_ES1,-0.009189029931369594
13,league_FR1,0.21415729264156338
13,league_GB1,-0.24304582868228783
13,league_IT1,0.19287499815250173
13,league_L1,-0.35805691816559193
13,league_NL1,0.12601838468412568
13,league_PO1,0.05863646299339033
13,league_RU1,-0.028301546003527724
13,league_TR1,0.006910280251782663
13,foot_Unknown,-0.4302637201618574
13,foot_both,-0.0038616718871100648
13,foot_left,0.13350977527571123
13,foot_right,0.2606197127138401
14,goals_prev,0.43642810034383955
14,assists_prev,-0.04110972851960058
14,minutes_prev,0.5992505051287526
14,goals_per90_prev,0.20429260625013004
14,appearances_prev,-0.3586671358746629
14,age,-0.07731532354346526
14,valuation_eur,0.4420990816232748
14,valuation_growth_12m,-0.01610671484650651
14,club_mean_valuation_eur,0.22012931832779412
14,height_cm,0.03264771761755316
14,club_change_known_at_cutoff,0.007835922009259913
14,position_Attacking Midfield,-0.3932162580135332
14,position_Centre-Forward,0.6852862427931529
14,position_Left Winger,0.16204834909313492
14,position_Right Winger,0.08297457353118055
14,position_Second Striker,-0.5240803157182271
14,league_ES1,-0.19324998175499306
14,league_FR1,0.118058784106333
14,league_GB1,-0.28543714324995634
14,league_IT1,0.005309492257227445
14,league_L1,-0.06481618861641279
14,league_NL1,0.6369443035210053
14,league_PO1,0.01859734061703359
14,league_RU1,-0.2663708027789321
14,league_TR1,0.043976787584400004
14,foot_Unknown,0.6227418827540984
14,foot_both,-0.1382952321196371
14,foot_left,-0.25218270070841436
14,foot_right,-0.21925135824031056
15,goals_prev,0.3199225324872182
15,assists_prev,0.1192711412296802
15,minutes_prev,0.4894985471712424
15,goals_per90_prev,0.28496915677369555
15,appearances_prev,-0.17187125776281087
15,age,-0.02875317974086406
15,valuation_eur,0.2777868707896866
15,valuation_growth_12m,3.1985567084017995e-05
15,club_mean_valuation_eur,0.27483421540882547
15,height_cm,0.26864244951794053
15,club_change_known_at_cutoff,-0.019492490189539677
15,position_Attacking Midfield,-0.5531062448847924
15,position_Centre-Forward,0.4909304782335971
15,position_Left Winger,0.09477095677452772
15,position_Right Winger,-0.10546239967321411
15,position_Second Striker,0.09031155621316445
15,league_ES1,0.0040326729241299845
15,league_FR1,0.2703085314394483
15,league_GB1,-0.37287694502507535
15,league_IT1,0.05928328090706669
15,league_L1,-0.2935361742080758
15,league_NL1,0.7089924911610768
15,league_PO1,0.1213524706703876
15,league_RU1,-0.2425785238579919
15,league_TR1,-0.23753345734766734
15,foot_Unknown,-0.34086377571852444
15,foot_both,0.15029924471439604
15,foot_left,0.0631241463264682
15,foot_right,0.14488473134094712
16,goals_prev,0.4660876635517287
16,assists_prev,0.06856528769115536
16,minutes_prev,0.3538760213899205
16,goals_per90_prev,0.113864736086074
16,appearances_prev,-0.07961414706491915
16,age,-0.07401361780746946
16,valuation_eur,0.32089585862407366
16,valuation_growth_12m,0.003419231649533906
16,club_mean_valuation_eur,0.2603330706768539
16,height_cm,0.11644041390786522
16,club_change_known_at_cutoff,-0.034984839402593296
16,position_Attacking Midfield,-0.43617700343733595
16,position_Centre-Forward,0.5619093431320524
16,position_Left Winger,-0.09583382530900951
16,position_Right Winger,-0.36228098144574106
16,position_Second Striker,0.2745825144569677
16,league_ES1,-0.25951889546549617
16,league_FR1,0.2408592426431547
16,league_GB1,-0.46465471452301266
16,league_IT1,0.32510153988980384
16,league_L1,-0.24227383586312728
16,league_NL1,0.3585686104664135
16,league_PO1,-0.011239751897115298
16,league_RU1,-0.10096214300212293
16,league_TR1,0.09631999514844305
16,foot_Unknown,0.36707455150966417
16,foot_both,-0.13668933532551833
16,foot_left,-0.2641768805145302
16,foot_right,-0.02400828827270757
17,goals_prev,0.2428767338682551
17,assists_prev,0.03353901360406061
17,minutes_prev,0.43895810237310506
17,goals_per90_prev,0.34447970002917344
17,appearances_prev,-0.01791573268337621
17,age,-0.05375564806297314
17,valuation_eur,0.3528090455201423
17,valuation_growth_12m,-0.012799209062800307
17,club_mean_valuation_eur,0.221123323631098
17,height_cm,0.0968982598235028
17,club_change_known_at_cutoff,0.026022788533543114
17,position_Attacking Midfield,-0.6971291987974682
17,position_Centre-Forward,0.4779413589223923
17,position_Left Winger,-0.040912716079274776
17,position_Right Winger,-0.15577693583690966
17,position_Second Striker,0.2755980115308247
17,league_ES1,-0.18553543671077874
17,league_FR1,0.12970891878691934
17,league_GB1,-0.11643852049048642
17,league_IT1,0.07880727036112462
17,league_L1,-0.21747967465121587
17,league_NL1,0.7476192443441584
17,league_PO1,-0.10332912541700884
17,league_RU1,-0.23818521313258054
17,league_TR1,-0.2354469433505603
17,foot_Unknown,0.367285584006771
17,foot_both,0.20706101966121115
17,foot_left,-0.5562497081779483
17,foot_right,-0.15837637575048172
18,goals_prev,0.47153462819389785
18,assists_prev,0.1255530884396038
18,minutes_prev,0.337267254147784
18,goals_per90_prev,0.0665329728398075
18,appearances_prev,-0.18297511819800924
18,age,-0.03142781581935054
18,valuation_eur,0.25536868108418903
18,valuation_growth_12m,-0.026937193220281767
18,club_mean_valuation_eur,0.28993348834400895
18,height_cm,0.1808934695745
18,club_change_known_at_cutoff,0.045737627358956104
18,position_Attacking Midfield,-0.47213316688206725
18,position_Centre-Forward,0.5518715301024817
18,position_Left Winger,0.12841948039520265
18,position_Right Winger,-0.08434088533660061
18,position_Second Striker,-0.18204480253898345
18,league_ES1,0.05367506581870546
18,league_FR1,0.24116375957577713
18,league_GB1,-0.27600371150805403
18,league_IT1,0.3485632529635116
18,league_L1,-0.39515329680217975
18,league_NL1,0.09403313497558465
18,league_PO1,-0.04510025227113567
18,league_RU1,-0.17607955042477666
18,league_TR1,0.09667375341260416
18,foot_Unknown,0.4018001161492
18,foot_both,0.031700224119509665
18,foot_left,-0.2535781037552252
18,foot_right,-0.23815008077345254
19,goals_prev,0.6601826952337834
19,assists_prev,0.023485258948477243
19,minutes_prev,0.46052657241758616
19,goals_per90_prev,-0.09966395558204685
19,appearances_prev,-0.3160455987753152
19,age,-0.038219012362370484
19,valuation_eur,0.15385239242202042
19,valuation_growth_12m,0.07249403034538134
19,club_mean_valuation_eur,0.44269312594788757
19,height_cm,0.1459956774429524
19,club_change_known_at_cutoff,0.0876389557343343
19,position_Attacking Midfield,-0.9839225880962679
19,position_Centre-Forward,0.2982707225376771
19,position_Left Winger,-0.15644414741405857
19,position_Right Winger,-0.3436655843613807
19,position_Second Striker,0.3898954486424646
19,league_ES1,-0.3002108531724395
19,league_FR1,-0.01217612776421399
19,league_GB1,-0.4994681489974402
19,league_IT1,0.14809807127545457
19,league_L1,-0.5065966061582007
19,league_NL1,0.17782801382956737
19,league_PO1,0.28574828983680733
19,league_RU1,-0.23097212962356983
19,league_TR1,0.14188334208247047
19,foot_Unknown,0.3612481049116941
19,foot_both,-0.11404510011492258
19,foot_left,-0.6147457145024197
19,foot_right,-0.42832343898590447
20,goals_prev,0.13974053795970195
20,assists_prev,-0.03435521366030207
20,minutes_prev,0.8063480266067535
20,goals_per90_prev,0.399161862774259
20,appearances_prev,-0.4427803255087557
20,age,0.010641993039864243
20,valuation_eur,0.32848017995404305
20,valuation_growth_12m,0.06786615328727445
20,club_mean_valuation_eur,0.44018209946314346
20,height_cm,0.213427562390706
20,club_change_known_at_cutoff,0.037158948441869434
20,position_Attacking Midfield,-0.4901746438535759
20,position_Centre-Forward,0.47184705853014897
20,position_Left Winger,0.11575142398904079
20,position_Right Winger,-0.06588145310797722
20,position_Second Striker,-0.11212427773572832
20,league_ES1,0.12101375989266556
20,league_FR1,0.09604770559335407
20,league_GB1,-0.1512118273991654
20,league_IT1,0.07176761847412312
20,league_L1,-0.5262073944128067
20,league_NL1,0.562454750508308
20,league_PO1,0.30289777790291417
20,league_RU1,-0.5482096800570136
20,league_TR1,-0.009134602680470096
20,foot_Unknown,-0.06182885852538121
20,foot_both,0.14878459045739978
20,foot_left,-0.1862927327555141
20,foot_right,0.01875510864540077
21,goals_prev,0.564945439014551
21,assists_prev,-0.0918881647851598
21,minutes_prev,0.44341976579017894
21,goals_per90_prev,0.054449798474379724
21,appearances_prev,-0.23325240012725043
21,age,0.05158267235371885
21,valuation_eur,0.32637066406300347
21,valuation_growth_12m,0.037592786483690036
21,club_mean_valuation_eur,0.3676173856952739
21,height_cm,0.20804596967309466
21,club_change_known_at_cutoff,0.0014294133403375347
21,position_Attacking Midfield,-0.4471745112559689
21,position_Centre-Forward,0.45156822187100915
21,position_Left Winger,0.013139650225960454
21,position_Right Winger,-0.004716634803114851
21,position_Second Striker,-0.06499971311392096
21,league_ES1,-0.06144104406622227
21,league_FR1,0.15622663156903951
21,league_GB1,-0.5733343436919259
21,league_IT1,-0.02750361855050578
21,league_L1,-0.38310798342547425
21,league_NL1,0.6022395938896917
21,league_PO1,0.41845711522031176
21,league_RU1,-0.39249989534419666
21,league_TR1,0.2087805573232319
21,foot_Unknown,-0.2551264299853722
21,foot_both,0.015137536467218604
21,foot_left,0.16780361525771437
21,foot_right,0.02000229118440392
22,goals_prev,0.45308465829622063
22,assists_prev,-0.06939570911595024
22,minutes_prev,0.3620550291993236
22,goals_per90_prev,0.07315172679082736
22,appearances_prev,-0.13721412645282677
22,age,-0.005453590889429073
22,valuation_eur,0.3897728313121969
22,valuation_growth_12m,0.004387641956490501
22,club_mean_valuation_eur,0.31185753906082625
22,height_cm,0.032437457489396075
22,club_change_known_at_cutoff,0.03255948761152336
22,position_Attacking Midfield,-0.6611151625115075
22,position_Centre-Forward,0.6023004213810482
22,position_Left Winger,-0.11566644059867061
22,position_Right Winger,-0.11678952310067789
22,position_Second Striker,0.17700953671549116
22,league_ES1,-0.2200596960815216
22,league_FR1,0.11897432205971344
22,league_GB1,-0.33653111394945134
22,league_IT1,0.2108797919734243
22,league_L1,-0.28986108162894153
22,league_NL1,0.42785758440427885
22,league_PO1,0.306122782804128
22,league_RU1,-0.3974011927348663
22,league_TR1,0.06575743503891227
22,foot_Unknown,0.07116592130848216
22,foot_both,0.0023391767271303547
22,foot_left,-0.0822341507272382
22,foot_right,-0.10553211542268386
23,goals_prev,0.3415008544461109
23,assists_prev,0.13051614266189654
23,minutes_prev,0.4973365052900685
23,goals_per90_prev,0.242454246907969
23,appearances_prev,-0.23428362949320716
23,age,-0.08797581882792727
23,valuation_eur,0.3798333695479763
23,valuation_growth_12m,-0.03393624434146818
23,club_mean_valuation_eur,0.1504100002160373
23,height_cm,0.19716480303230155
23,club_change_known_at_cutoff,0.10088240554427577
23,position_Attacking Midfield,-0.6774463701815979
23,position_Centre-Forward,0.4122752933859733
23,position_Left Winger,-0.07148745866290786
23,position_Right Winger,-0.17814594610777523
23,position_Second Striker,0.5007195579534985
23,league_ES1,-0.06330686050955114
23,league_FR1,0.20365269819767257
23,league_GB1,-0.16728150662960464
23,league_IT1,0.044025349022208296
23,league_L1,-0.15928364382260923
23,league_NL1,0.35090371485644445
23,league_PO1,0.0022247603818074495
23,league_RU1,-0.08780187333670882
23,league_TR1,-0.13721756177246763
23,foot_Unknown,0.8577786422023822
23,foot_both,-0.5954838444555026
23,foot_left,-0.19902898411049103
23,foot_right,-0.07735073724920528
24,goals_prev,0.2631477799506998
24,assists_prev,0.016233019132875143
24,minutes_prev,0.4206391395569753
24,goals_per90_prev,0.3779781704681475
24,appearances_prev,-0.01901449382498097
24,age,-0.09795949777741254
24,valuation_eur,0.3280498916033266
24,valuation_growth_12m,0.07626688366374686
24,club_mean_valuation_eur,0.24987655733482603
24,height_cm,0.2565245534691573
24,club_change_known_at_cutoff,0.0207047748665248
24,position_Attacking Midfield,-0.5070769037241799
24,position_Centre-Forward,0.37422898046769365
24,position_Left Winger,-0.02323259040300053
24,position_Right Winger,-0.1408794000961709
24,position_Second Striker,0.2366340730721464
24,league_ES1,-0.140293082628493
24,league_FR1,0.13863562728840714
24,league_GB1,-0.3452806073400753
24,league_IT1,-0.005053481347781724
24,league_L1,-0.32222148717576077
24,league_NL1,0.499107702427154
24,league_PO1,0.20873891398131986
24,league_RU1,-0.24089072387612762
24,league_TR1,0.14693129798785742
24,foot_Unknown,0.9193072231700894
24,foot_both,-0.008480827257523001
24,foot_left,-0.6786161196097223
24,foot_right,-0.29253611698637694
25,goals_prev,0.5503514329806752
25,assists_prev,0.072528123479782
25,minutes_prev,0.4176656481563297
25,goals_per90_prev,0.11327482179652812
25,appearances_prev,-0.24925487272713387
25,age,-0.10395236133243393
25,valuation_eur,0.2936957740606575
25,valuation_growth_12m,-0.08020935780961065
25,club_mean_valuation_eur,0.34875740947990524
25,height_cm,0.1671938410180491
25,club_change_known_at_cutoff,0.06203083181676129
25,position_Attacking Midfield,-0.7421636350651123
25,position_Centre-Forward,0.17454152466009049
25,position_Left Winger,-0.14174219582769285
25,position_Right Winger,-0.1119298651777089
25,position_Second Striker,-0.032693267279730404
25,league_ES1,-0.24903432174764303
25,league_FR1,0.02067199771865913
25,league_GB1,-0.3060322660636657
25,league_IT1,0.022919260642070702
25,league_L1,-0.3841992528813208
25,league_NL1,0.48511738699155543
25,league_PO1,0.2791960324025746
25,league_RU1,-0.6169033506394637
25,league_TR1,-0.10572292511292378
25,foot_Unknown,0.8055633367427265
25,foot_both,-0.4009536417727219
25,foot_left,-0.6277374356582017
25,foot_right,-0.6308596980019686
26,goals_prev,0.4948598887736578
26,assists_prev,0.09289402048480572
26,minutes_prev,0.35566345969399743
26,goals_per90_prev,0.14679716568351633
26,appearances_prev,-0.07943609183632501
26,age,-0.043854796549734794
26,valuation_eur,0.2882395350684231
26,valuation_growth_12m,-0.08532856982554014
26,club_mean_valuation_eur,0.1518089670778739
26,height_cm,0.18255962977282703
26,club_change_known_at_cutoff,-0.0709624673803627
26,position_Attacking Midfield,-0.476803958321425
26,position_Centre-Forward,0.4858161335761556
26,position_Left Winger,0.012083816353314045
26,position_Right Winger,-0.04658803082920192
26,position_Second Striker,0.02468498568838147
26,league_ES1,-0.1399300410555973
26,league_FR1,-0.14102260359244362
26,league_GB1,-0.15019430515433294
26,league_IT1,0.0344818046065942
26,league_L1,-0.26441260502436403
26,league_NL1,0.41829945954552145
26,league_PO1,0.4747963752920164
26,league_RU1,-0.1406928178465041
26,league_TR1,-0.09213232030367059
26,foot_Unknown,1.3186735998106094
26,foot_both,-0.4432140142003709
26,foot_left,-0.5040410846916346
26,foot_right,-0.37222555445139105
27,goals_prev,0.33468060351227047
27,assists_prev,0.13050479886932884
27,minutes_prev,0.6152687549860772
27,goals_per90_prev,0.24824589904014357
27,appearances_prev,-0.29292169881498015
27,age,-0.05474891176913483
27,valuation_eur,0.12028899090139258
27,valuation_growth_12m,0.04073789657860509
27,club_mean_valuation_eur,0.41528166250311044
27,height_cm,0.05762444540767971
27,club_change_known_at_cutoff,0.062020566307858314
27,position_Attacking Midfield,-0.455884248306335
27,position_Centre-Forward,0.5748791849581802
27,position_Left Winger,0.012462233169272832
27,position_Right Winger,-0.3443541646411451
27,position_Second Striker,0.21079212417458407
27,league_ES1,-0.13440738439181743
27,league_FR1,0.3627882050113724
27,league_GB1,-0.23311714136520945
27,league_IT1,0.20291851072620823
27,league_L1,-0.4765978629972976
27,league_NL1,0.11740655944168323
27,league_PO1,0.21214928487395385
27,league_RU1,-0.14228964578180373
27,league_TR1,0.08904460383746518
27,foot_Unknown,0.5462423100109072
27,foot_both,-0.26713948147485567
27,foot_left,-0.2144087193402859
27,foot_right,-0.0667989798412275
28,goals_prev,0.3228172025108128
28,assists_prev,0.018387082258401972
28,minutes_prev,0.6955437765145519
28,goals_per90_prev,0.24838415400454955
28,appearances_prev,-0.35050318227744887
28,age,-0.1287991329517097
28,valuation_eur,0.05748922990883898
28,valuation_growth_12m,0.0470481939648756
28,club_mean_valuation_eur,0.5903066986350929
28,height_cm,0.09808316871978369
28,club_change_known_at_cutoff,0.10036225224286412
28,position_Attacking Midfield,-0.539048357142552
28,position_Centre-Forward,0.46527792373315285
28,position_Left Winger,0.012130168563058338
28,position_Right Winger,-0.2630580668874102
28,position_Second Striker,0.22772525865164148
28,league_ES1,-0.1649167941043762
28,league_FR1,0.14412041422043637
28,league_GB1,-0.471308606812579
28,league_IT1,0.058546430673285604
28,league_L1,-0.4205127886155083
28,league_NL1,0.447693816070483
28,league_PO1,0.10377269083234898
28,league_RU1,-0.2347286844658049
28,league_TR1,0.44036044911960626
28,foot_Unknown,0.6326450132454617
28,foot_both,-0.2702407683479836
28,foot_left,-0.34126585096566153
28,foot_right,-0.11811146701392482
29,goals_prev,0.1335550256609231
29,assists_prev,0.03452525077207438
29,minutes_prev,0.6384986019302672
29,goals_per90_prev,0.4687605509136166
29,appearances_prev,-0.268848099483435
29,age,-0.010747859579943005
29,valuation_eur,0.25533832479225366
29,valuation_growth_12m,-0.15079529360344426
29,club_mean_valuation_eur,0.338659457980818
29,height_cm,0.06822632391249307
29,club_change_known_at_cutoff,0.07818716811555927
29,position_Attacking Midfield,-0.40402081144658136
29,position_Centre-Forward,0.562901798371143
29,position_Left Winger,-0.031183858351515357
29,position_Right Winger,-0.2914302224373497
29,position_Second Striker,0.16342159994847816
29,league_ES1,-0.39286145538210565
29,league_FR1,0.2765361786200961
29,league_GB1,-0.2121821719534784
29,league_IT1,0.06663434162140519
29,league_L1,-0.30566291121407824
29,league_NL1,0.7598214932035187
29,league_PO1,0.04071232870125058
29,league_RU1,-0.09580640492504736
29,league_TR1,-0.13750289258738851
29,foot_Unknown,0.6085969875733839
29,foot_both,-0.3996167858562378
29,foot_left,-0.17117932893014057
29,foot_right,-0.03811236670283572
30,goals_prev,0.3381472846554783
30,assists_prev,-0.006600466141535775
30,minutes_prev,0.7400899444163563
30,goals_per90_prev,0.2675840929115044
30,appearances_prev,-0.46831784868650367
30,age,0.004935730048865674
30,valuation_eur,0.09437452122973997
30,valuation_growth_12m,0.06426946865629106
30,club_mean_valuation_eur,0.6218065289045768
30,height_cm,0.15318489394171098
30,club_change_known_at_cutoff,0.08421750068513337
30,position_Attacking Midfield,-0.6467844626651974
30,position_Centre-Forward,0.5211099734159897
30,position_Left Winger,0.06394382398615854
30,position_Right Winger,-0.14223683716736227
30,position_Second Striker,0.14422230502148106
30,league_ES1,-0.12797440849996666
30,league_FR1,0.12642357776672655
30,league_GB1,-0.27705170603904933
30,league_IT1,0.20503727505081903
30,league_L1,-0.3341133265423603
30,league_NL1,0.594741615266267
30,league_PO1,-0.08537241762353551
30,league_RU1,-0.19467924705875472
30,league_TR1,0.03324344027092557
30,foot_Unknown,0.4783284315844963
30,foot_both,-0.24914084086191404
30,foot_left,-0.04443508445413079
30,foot_right,-0.2444977036773738
31,goals_prev,0.7194574653217959
31,assists_prev,0.06224498106047437
31,minutes_prev,0.3982979700118214
31,goals_per90_prev,-0.16440365225016235
31,appearances_prev,-0.3349714585094696
31,age,-0.10967508695343586
31,valuation_eur,0.3050277004616659
31,valuation_growth_12m,-0.026268128375553746
31,club_mean_valuation_eur,0.33059745893889964
31,height_cm,0.12401257040994472
31,club_change_known_at_cutoff,-0.021580260395810406
31,position_Attacking Midfield,-0.5749502696234815
31,position_Centre-Forward,0.6071988182170862
31,position_Left Winger,0.06901276565803605
31,position_Right Winger,-0.2038049125983562
31,position_Second Striker,0.09889627384987008
31,league_ES1,-0.2440408447073712
31,league_FR1,0.3302614005506288
31,league_GB1,-0.27329752865964274
31,league_IT1,-0.01454576839550062
31,league_L1,-0.7048189384879205
31,league_NL1,0.5983234499329637
31,league_PO1,0.2439937346260165
31,league_RU1,-0.30858898704592475
31,league_TR1,0.3690661576899033
31,foot_Unknown,0.797666836665702
31,foot_both,-0.22050992283061027
31,foot_left,-0.25285865717308575
31,foot_right,-0.3279455811588461
32,goals_prev,0.6223524211149644
32,assists_prev,0.0918636141870117
32,minutes_prev,0.3305852443556907
32,goals_per90_prev,0.06331505402981918
32,appearances_prev,-0.22760094500640646
32,age,-0.028487954714005146
32,valuation_eur,0.17875883276781326
32,valuation_growth_12m,0.04994536375063033
32,club_mean_valuation_eur,0.3563219283093391
32,height_cm,0.14842327778902148
32,club_change_known_at_cutoff,0.07960831143047915
32,position_Attacking Midfield,-0.506618359491569
32,position_Centre-Forward,0.6045229305561858
32,position_Left Winger,-0.049750761012015914
32,position_Right Winger,-0.25537240985434406
32,position_Second Striker,0.21912315461403564
32,league_ES1,0.014699153838590724
32,league_FR1,0.2534562296871873
32,league_GB1,-0.3555801584247296
32,league_IT1,0.17399309127569246
32,league_L1,-0.35916034280770726
32,league_NL1,0.3410190434732606
32,league_PO1,-0.00784702894127759
32,league_RU1,-0.15052826796151164
32,league_TR1,0.10185283467278808
32,foot_Unknown,0.03971712334272169
32,foot_both,0.011179541875236742
32,foot_left,0.008266922860482438
32,foot_right,-0.047259033266148776
33,goals_prev,0.7068866636423263
33,assists_prev,-0.05945379479709545
33,minutes_prev,0.2942692027006029
33,goals_per90_prev,-0.15538319592838287
33,appearances_prev,-0.1499950831663992
33,age,0.10967818505427233
33,valuation_eur,0.4408035118712222
33,valuation_growth_12m,0.13853080237565465
33,club_mean_valuation_eur,0.2331679132720202
33,height_cm,0.09307149015241277
33,club_change_known_at_cutoff,0.04863965029545172
33,position_Attacking Midfield,-0.7143237958043541
33,position_Centre-Forward,0.5732113072317528
33,position_Left Winger,-0.012878928564897602
33,position_Right Winger,0.08345383115517221
33,position_Second Striker,0.0639008176210493
33,league_ES1,-0.3117147127709343
33,league_FR1,-0.04283855586926679
33,league_GB1,-0.34045960152667276
33,league_IT1,0.08867566726586695
33,league_L1,-0.24409052478231202
33,league_NL1,0.6295740357255131
33,league_PO1,0.40849391656750117
33,league_RU1,-0.16268149686351924
33,league_TR1,-0.03159549610744648
33,foot_Unknown,0.5920275236867649
33,foot_both,-0.14303006292728343
33,foot_left,-0.2161179201389239
33,foot_right,-0.2395163089818457
34,goals_prev,0.29403956097913203
34,assists_prev,-0.005958893581364321
34,minutes_prev,0.46676868884235667
34,goals_per90_prev,0.24431707786662385
34,appearances_prev,-0.16041051873579174
34,age,-0.07508552800034592
34,valuation_eur,0.30713319967927283
34,valuation_growth_12m,-0.023363174360820006
34,club_mean_valuation_eur,0.32030652830164774
34,height_cm,0.28451857767334887
34,club_change_known_at_cutoff,0.031096584629911626
34,position_Attacking Midfield,-0.6548742462038025
34,position_Centre-Forward,0.09823440223058517
34,position_Left Winger,-0.20282026678778306
34,position_Right Winger,-0.27461769786966184
34,position_Second Striker,0.19648280274125896
34,league_ES1,-0.09359643138444812
34,league_FR1,-0.10968612767478149
34,league_GB1,-0.22453067508515306
34,league_IT1,-0.0753353140855242
34,league_L1,-0.44917588973096295
34,league_NL1,0.3997329965798431
34,league_PO1,0.056920787552684066
34,league_RU1,-0.5428116214720264
34,league_TR1,0.20088726941096385
34,foot_Unknown,0.6213848229114686
34,foot_both,-0.26286762112232803
34,foot_left,-0.6903535939127031
34,foot_right,-0.5057586137658556
35,goals_prev,0.5929866701929454
35,assists_prev,0.050638002275839006
35,minutes_prev,0.36771701207086527
35,goals_per90_prev,0.0016447919105348294
35,appearances_prev,-0.20791380568185613
35,age,0.010238178551961259
35,valuation_eur,0.39671416670736204
35,valuation_growth_12m,0.08975240568221712
35,club_mean_valuation_eur,0.18843656637245695
35,height_cm,0.17984028635374955
35,club_change_known_at_cutoff,-0.012355147718102569
35,position_Attacking Midfield,-0.6030136617818965
35,position_Centre-Forward,0.39028063310424294
35,position_Left Winger,-0.09031642091720439
35,position_Right Winger,-0.02241205530946814
35,position_Second Striker,0.3166544120470075
35,league_ES1,-0.05152929552852029
35,league_FR1,-0.08407832252941344
35,league_GB1,-0.09817923022347104
35,league_IT1,0.1761940058606702
35,league_L1,-0.5025473808508316
35,league_NL1,0.4559855484629998
35,league_PO1,0.2007316655384632
35,league_RU1,-0.23121748172652135
35,league_TR1,0.12583339813931152
35,foot_Unknown,0.515280596301245
35,foot_both,-0.05871040971258062
35,foot_left,-0.393163698921842
35,foot_right,-0.07221358052415505
36,goals_prev,0.48617009934459693
36,assists_prev,0.09650792547664744
36,minutes_prev,0.40355595696494306
36,goals_per90_prev,0.1346571917058181
36,appearances_prev,-0.16948789367797465
36,age,-0.05248312974079372
36,valuation_eur,0.40899574005967776
36,valuation_growth_12m,0.027385438864179122
36,club_mean_valuation_eur,0.2784775109713108
36,height_cm,0.15836802949488732
36,club_change_known_at_cutoff,0.060293873057884056
36,position_Attacking Midfield,-0.6344963321577682
36,position_Centre-Forward,0.5541516467901713
36,position_Left Winger,-0.04247352754971786
36,position_Right Winger,0.04413693839356936
36,position_Second Striker,0.07895006932644873
36,league_ES1,-0.23908093127603258
36,league_FR1,0.475478094740342
36,league_GB1,-0.22931713100433707
36,league_IT1,-0.058976814921265136
36,league_L1,-0.3542797469711451
36,league_NL1,0.6506725611895964
36,league_PO1,0.3885765385513032
36,league_RU1,-0.7113490406064248
36,league_TR1,0.07854526510066083
36,foot_Unknown,0.36825744822467277
36,foot_both,-0.18933764104297884
36,foot_left,-0.1338498988132817
36,foot_right,-0.04480111356573145
37,goals_prev,0.6576213912830741
37,assists_prev,0.025043176553671206
37,minutes_prev,0.4777642026294857
37,goals_per90_prev,0.1455378735358418
37,appearances_prev,-0.27242112428329496
37,age,-0.06941772144763543
37,valuation_eur,0.05410929769536293
37,valuation_growth_12m,-0.03311149481882442
37,club_mean_valuation_eur,0.5153242255250199
37,height_cm,0.09224855019770574
37,club_change_known_at_cutoff,0.09829222341431083
37,position_Attacking Midfield,-0.6328284934349475
37,position_Centre-Forward,0.5843941222267387
37,position_Left Winger,-0.055885569407315885
37,position_Right Winger,-0.0296270094747644
37,position_Second Striker,0.12050837203133982
37,league_ES1,0.046587059747214436
37,league_FR1,0.024675040729615086
37,league_GB1,-0.13976918240738606
37,league_IT1,0.13490808728705453
37,league_L1,-0.1820224408300801
37,league_NL1,-0.00436600392115975
37,league_PO1,0.1764341039875635
37,league_RU1,-0.09294884405832401
37,league_TR1,0.02306360140655023
37,foot_Unknown,-0.23076581831376392
37,foot_both,-0.005893961471782724
37,foot_left,0.02073504108341832
37,foot_right,0.2024861606431894
38,goals_prev,0.28301726911227565
38,assists_prev,0.003933537672480638
38,minutes_prev,0.6313374395924929
38,goals_per90_prev,0.2881194185776507
38,appearances_prev,-0.3550727073304252
38,age,-0.11933550678174254
38,valuation_eur,0.13671092580881533
38,valuation_growth_12m,0.1402287821686542
38,club_mean_valuation_eur,0.4610884065185231
38,height_cm,0.132274044752077
38,club_change_known_at_cutoff,0.02627648863407368
38,position_Attacking Midfield,-0.5886620262691131
38,position_Centre-Forward,0.44439331565617834
38,position_Left Winger,-0.10072977208510266
38,position_Right Winger,-0.23960428208007506
38,position_Second Striker,0.4422384128672177
38,league_ES1,-0.002647506000829531
38,league_FR1,0.2208020966527135
38,league_GB1,-0.4471307328937968
38,league_IT1,0.17322007139861526
38,league_L1,-0.24645651252250425
38,league_NL1,0.4821941173460062
38,league_PO1,-0.13927139858701365
38,league_RU1,-0.2529817124079141
38,league_TR1,0.16990722510383072
38,foot_Unknown,0.677460588907319
38,foot_both,-0.16090421058966292
38,foot_left,-0.323736925960578
38,foot_right,-0.23518380426799634
39,goals_prev,0.4681186915654884
39,assists_prev,0.06144086092585115
39,minutes_prev,0.2523709639945519
39,goals_per90_prev,0.21495155879805114
39,appearances_prev,-0.0017507402899334455
39,age,-0.032028283494572984
39,valuation_eur,0.13840127973871402
39,valuation_growth_12m,0.0014957759804652433
39,club_mean_valuation_eur,0.3374227542083261
39,height_cm,0.1794196094951873
39,club_change_known_at_cutoff,0.031017289606719196
39,position_Attacking Midfield,-0.5099633761847994
39,position_Centre-Forward,0.3475479017568715
39,position_Left Winger,0.1345048821313074
39,position_Right Winger,-0.16714803237388412
39,position_Second Striker,0.1826158314038232
39,league_ES1,0.015884480704788217
39,league_FR1,0.2020770426160919
39,league_GB1,-0.15192379775959058
39,league_IT1,0.17128104047813275
39,league_L1,-0.27705612236142074
39,league_NL1,0.37495328957780344
39,league_PO1,0.11301210497450281
39,league_RU1,-0.43299656468065645
39,league_TR1,-0.02767426681633434
39,foot_Unknown,0.5007327304387165
39,foot_both,0.04528423080901966
39,foot_left,-0.30766544693041054
39,foot_right,-0.2507943075840327
40,goals_prev,0.16666560707822525
40,assists_prev,-0.03366343104026263
40,minutes_prev,0.60724872193634
40,goals_per90_prev,0.42470353695059015
40,appearances_prev,-0.3158526389194765
40,age,-0.04827749373657814
40,valuation_eur,0.15988654778913017
40,valuation_growth_12m,-0.043105318946061316
40,club_mean_valuation_eur,0.4635395856651717
40,height_cm,0.08117071796087759
40,club_change_known_at_cutoff,-0.012141467452920038
40,position_Attacking Midfield,-0.6474760439580381
40,position_Centre-Forward,0.3724409843779265
40,position_Left Winger,-0.12262730693686191
40,position_Right Winger,-0.2514838348512358
40,position_Second Striker,0.5535008504269626
40,league_ES1,-0.2295850130929539
40,league_FR1,0.09586265814189446
40,league_GB1,-0.2225942291776383
40,league_IT1,0.22404501162991924
40,league_L1,-0.1832519004258838
40,league_NL1,0.3728139640062927
40,league_PO1,0.11265391799294805
40,league_RU1,-0.35772485388825603
40,league_TR1,0.09213509387242277
40,foot_Unknown,0.40525371957933104
40,foot_both,-0.24221818202105175
40,foot_left,-0.15355995175148748
40,foot_right,-0.10512093674805036
41,goals_prev,0.5485779946475448
41,assists_prev,-0.03649966261638649
41,minutes_prev,0.49099671219887403
41,goals_per90_prev,0.2265723387260853
41,appearances_prev,-0.3053704818442809
41,age,-0.01884662872339701
41,valuation_eur,0.2145984103274787
41,valuation_growth_12m,0.04322920433967254
41,club_mean_valuation_eur,0.4838544270275624
41,height_cm,0.14641097742467743
41,club_change_known_at_cutoff,0.12036910487885845
41,position_Attacking Midfield,-0.5319308603028641
41,position_Centre-Forward,0.35715350316737526
41,position_Left Winger,0.268688038756274
41,position_Right Winger,0.06401816937095157
41,position_Second Striker,-0.2588850217899667
41,league_ES1,-0.07425369789559802
41,league_FR1,0.18348784429908946
41,league_GB1,-0.5385862111660469
41,league_IT1,0.06713554141342283
41,league_L1,-0.3397030630113816
41,league_NL1,0.3722553123241682
41,league_PO1,-0.06601025802423272
41,league_RU1,-0.026506962615794237
41,league_TR1,0.3212253238781415
41,foot_Unknown,0.4139424275717705
41,foot_both,-0.16699288088294956
41,foot_left,-0.2930603990328055
41,foot_right,-0.054845318454251946
42,goals_prev,-0.05068168628793834
42,assists_prev,0.03687193986209034
42,minutes_prev,0.7895696005955918
42,goals_per90_prev,0.7216592877372008
42,appearances_prev,-0.2734170235902613
42,age,-0.08190316845465861
42,valuation_eur,0.26108032820241606
42,valuation_growth_12m,0.016565827582958177
42,club_mean_valuation_eur,0.41477806675087986
42,height_cm,0.11158272159071231
42,club_change_known_at_cutoff,-0.03827608577548777
42,position_Attacking Midfield,-0.749702342658561
42,position_Centre-Forward,0.3484406810839676
42,position_Left Winger,-0.09541910063287302
42,position_Right Winger,-0.2646299060963756
42,position_Second Striker,-0.14005505125059484
42,league_ES1,-0.2879415758908665
42,league_FR1,0.10805421158050554
42,league_GB1,-0.5664518515646446
42,league_IT1,-0.06609655270973004
42,league_L1,-0.5798207805651399
42,league_NL1,0.4419760212127741
42,league_PO1,0.3482005767778928
42,league_RU1,-0.3233972484688583
42,league_TR1,0.02411148007362716
42,foot_Unknown,0.8772509123799836
42,foot_both,-0.5527579745491137
42,foot_left,-0.7638174841557799
42,foot_right,-0.4620411732295214
43,goals_prev,0.5925070153081469
43,assists_prev,0.06502136201369288
43,minutes_prev,0.3571200518625577
43,goals_per90_prev,0.08503080743841368
43,appearances_prev,-0.15684961934213545
43,age,-0.037397500934604935
43,valuation_eur,0.3021790943504146
43,valuation_growth_12m,-0.017626203355065595
43,club_mean_valuation_eur,0.21092138363637414
43,height_cm,0.103065110456628
43,club_change_known_at_cutoff,0.03901312302448485
43,position_Attacking Midfield,-0.4236081782745617
43,position_Centre-Forward,0.3857704681612456
43,position_Left Winger,-0.07432855580732504
43,position_Right Winger,-0.251200918371088
43,position_Second Striker,0.34025934801249064
43,league_ES1,-0.17356759206527847
43,league_FR1,0.20953165472037716
43,league_GB1,-0.2294695445000049
43,league_IT1,0.24611088701028555
43,league_L1,-0.2204532134272813
43,league_NL1,0.33798773666611903
43,league_PO1,0.24420471561364787
43,league_RU1,-0.3063503460981465
43,league_TR1,-0.13110213419895775
43,foot_Unknown,0.09750975601986943
43,foot_both,0.0986752699350577
43,foot_left,-0.11100878914882623
43,foot_right,-0.1082840730853146
44,goals_prev,0.15242187198003485
44,assists_prev,0.019405679524758492
44,minutes_prev,0.5867920167483311
44,goals_per90_prev,0.51500899334808
44,appearances_prev,-0.18932102460214817
44,age,-0.08327076373494281
44,valuation_eur,0.20214267851997084
44,valuation_growth_12m,0.0029149161464031874
44,club_mean_valuation_eur,0.38051588108922396
44,height_cm,0.16023939576539797
44,club_change_known_at_cutoff,0.06808916729096352
44,position_Attacking Midfield,-0.47052966396657997
44,position_Centre-Forward,0.3738005346582425
44,position_Left Winger,0.13612781377146815
44,position_Right Winger,-0.17735824423153848
44,position_Second Striker,0.08411077149582906
44,league_ES1,-0.025693942460989824
44,league_FR1,0.1603112179150747
44,league_GB1,-0.32867334872252424
44,league_IT1,0.14885633775811938
44,league_L1,-0.33055501603960774
44,league_NL1,0.6099873696323829
44,league_PO1,-0.00920940288716917
44,league_RU1,-0.3018780395784574
44,league_TR1,0.023006036110576698
44,foot_Unknown,0.9113113506385818
44,foot_both,-0.41427454806972336
44,foot_left,-0.28190392799194947
44,foot_right,-0.2689816628494815
45,goals_prev,0.5676182370834901
45,assists_prev,0.04336930552209773
45,minutes_prev,0.20866232949687186
45,goals_per90_prev,0.07368972957442814
45,appearances_prev,-0.05267300937351816
45,age,-0.021603696707592455
45,valuation_eur,0.4274841963596509
45,valuation_growth_12m,0.11803254647668385
45,club_mean_valuation_eur,0.24198914784248654
45,height_cm,0.15061995636549838
45,club_change_known_at_cutoff,-0.01262868361208996
45,position_Attacking Midfield,-0.4840194310561109
45,position_Centre-Forward,0.5322439681086235
45,position_Left Winger,0.11968265473674454
45,position_Right Winger,-0.24025600432810484
45,position_Second Striker,0.03316526967813894
45,league_ES1,-0.2297831927127931
45,league_FR1,-0.0032655594830169493
45,league_GB1,-0.3535622851197379
45,league_IT1,-0.08794353496649629
45,league_L1,-0.48234987645556715
45,league_NL1,0.9268112780576386
45,league_PO1,0.39524504822503337
45,league_RU1,-0.23696801623151645
45,league_TR1,0.03263259582574217
45,foot_Unknown,0.37250015384354773
45,foot_both,0.07065934720212041
45,foot_left,-0.2388787189884766
45,foot_right,-0.2434643249179067
46,goals_prev,0.6139482076645985
46,assists_prev,0.06688286146023278
46,minutes_prev,0.3992823413600952
46,goals_per90_prev,0.11479918064549495
46,appearances_prev,-0.12684080887196061
46,age,-0.13423211838862115
46,valuation_eur,0.08080258080810385
46,valuation_growth_12m,-0.06153025117338769
46,club_mean_valuation_eur,0.47015651310014056
46,height_cm,0.10587934528100094
46,club_change_known_at_cutoff,0.1023241202989378
46,position_Attacking Midfield,-0.5858637700171349
46,position_Centre-Forward,0.6021503731113574
46,position_Left Winger,0.04248592789895093
46,position_Right Winger,-0.27304871660170404
46,position_Second Striker,0.2108417699237645
46,league_ES1,-0.21127474996375603
46,league_FR1,0.3211556970376993
46,league_GB1,-0.2568729795895277
46,league_IT1,0.029799294484851385
46,league_L1,-0.22759697892746544
46,league_NL1,0.677614360819266
46,league_PO1,0.34544681814442274
46,league_RU1,-0.5978370830797328
46,league_TR1,-0.08386879461052817
46,foot_Unknown,0.05567904434376389
46,foot_both,0.0943535606415978
46,foot_left,-0.3039422391949399
46,foot_right,0.15047521852480655
47,goals_prev,0.21639611494166475
47,assists_prev,0.08693016824773793
47,minutes_prev,0.4392383438011244
47,goals_per90_prev,0.4258786860007867
47,appearances_prev,-0.2134598065218027
47,age,-0.09220014580646126
47,valuation_eur,0.32804159766922825
47,valuation_growth_12m,0.02188779951837131
47,club_mean_valuation_eur,0.36850662934280765
47,height_cm,0.13360791064086333
47,club_change_known_at_cutoff,0.06402762722736702
47,position_Attacking Midfield,-0.8071703428198627
47,position_Centre-Forward,0.42044813378861756
47,position_Left Winger,-0.056055272920504516
47,position_Right Winger,0.03672570977573823
47,position_Second Striker,0.3739379062227804
47,league_ES1,-0.2247265733076116
47,league_FR1,0.007756026598881105
47,league_GB1,-0.2371349220104848
47,league_IT1,0.03373670329641526
47,league_L1,-0.294383718507675
47,league_NL1,0.4238036818428344
47,league_PO1,0.4371671117134586
47,league_RU1,-0.25743859683741815
47,league_TR1,0.07910642125836402
47,foot_Unknown,1.167901429593137
47,foot_both,-0.20524376636981115
47,foot_left,-0.6479138846889249
47,foot_right,-0.3468576444876392
48,goals_prev,0.48119616025291406
48,assists_prev,0.017134298398246126
48,minutes_prev,0.37440295536351287
48,goals_per90_prev,0.06092442423854305
48,appearances_prev,-0.08470410107266571
48,age,0.00023960456967542254
48,valuation_eur,0.20164866408512427
48,valuation_growth_12m,0.022523273224082332
48,club_mean_valuation_eur,0.4569051283506061
48,height_cm,0.19222061376413252
48,club_change_known_at_cutoff,0.0761098000337482
48,position_Attacking Midfield,-0.4679978252250367
48,position_Centre-Forward,0.4610979385494951
48,position_Left Winger,-0.05896243433473505
48,position_Right Winger,-0.0817713043203812
48,position_Second Striker,0.14253038748804736
48,league_ES1,-0.3178308672542059
48,league_FR1,0.012428001734572947
48,league_GB1,-0.17839663795703428
48,league_IT1,0.06085215170160113
48,league_L1,-0.272442513171727
48,league_NL1,0.3311393338243365
48,league_PO1,0.24757540781728218
48,league_RU1,-0.06289166222173662
48,league_TR1,0.1744635476842965
48,foot_Unknown,0.04482767758541394
48,foot_both,0.11040968235909618
48,foot_left,-0.18945944252024485
48,foot_right,0.029118844733124444
49,goals_prev,0.4675890991198703
49,assists_prev,0.08506895145902102
49,minutes_prev,0.3922530196124293
49,goals_per90_prev,0.12235587902536052
49,appearances_prev,-0.16434833828226267
49,age,0.03715660924151472
49,valuation_eur,0.31185968273035836
49,valuation_growth_12m,0.013999378868651456
49,club_mean_valuation_eur,0.2388360413265996
49,height_cm,0.13592149446266402
49,club_change_known_at_cutoff,0.04140300585207101
49,position_Attacking Midfield,-0.6519725697445254
49,position_Centre-Forward,0.6402099666934609
49,position_Left Winger,-0.07189083819798549
49,position_Right Winger,-0.258756024608588
49,position_Second Striker,0.3375899965932256
49,league_ES1,-0.03390822806518982
49,league_FR1,0.23545920139501567
49,league_GB1,0.01814922012682151
49,league_IT1,0.04152954719129313
49,league_L1,-0.3201273625327386
49,league_NL1,0.5653589301242015
49,league_PO1,0.3187793324030582
49,league_RU1,-0.7963900060265844
49,league_TR1,-0.033670103880302324
49,foot_Unknown,0.8152972599430781
49,foot_both,-0.04661184195298573
49,foot_left,-0.5050115535298961
49,foot_right,-0.26849333372460793
50,goals_prev,0.08605068252023908
50,assists_prev,0.07464809111737913
50,minutes_prev,0.6789118364731863
50,goals_per90_prev,0.47981822036740995
50,appearances_prev,-0.37540362775318226
50,age,-0.006901370567125473
50,valuation_eur,0.338680310564469
50,valuation_growth_12m,-0.024369472729737596
50,club_mean_valuation_eur,0.33428401097455035
50,height_cm,0.08843744604286508
50,club_change_known_at_cutoff,-0.053398719627396354
50,position_Attacking Midfield,-0.5192519089135841
50,position_Centre-Forward,0.4682960402820908
50,position_Left Winger,-0.06631507025423033
50,position_Right Winger,-0.2186217791974393
50,position_Second Striker,0.27719974495428057
50,league_ES1,-0.13772501034904439
50,league_FR1,0.07228222573775846
50,league_GB1,-0.21610665805887963
50,league_IT1,0.12837085301582934
50,league_L1,-0.04956830493855026
50,league_NL1,0.47520933267617094
50,league_PO1,0.09658729755872249
50,league_RU1,-0.21604080025147052
50,league_TR1,-0.2117019085194221
50,foot_Unknown,0.01905733519267495
50,foot_both,-0.11010473276142742
50,foot_left,-0.15044753080347753
50,foot_right,0.18280195524333775
51,goals_prev,0.21559083725532102
51,assists_prev,-0.0006645976572309961
51,minutes_prev,0.47444288115960975
51,goals_per90_prev,0.2516281298328671
51,appearances_prev,-0.1195130892680223
51,age,0.03047635818114792
51,valuation_eur,0.5278094181984547
51,valuation_growth_12m,0.0384084709661412
51,club_mean_valuation_eur,0.17322182229346425
51,height_cm,0.12146117327240072
51,club_change_known_at_cutoff,0.12444423598689774
51,position_Attacking Midfield,-0.5186206096016489
51,position_Centre-Forward,0.4467442665971775
51,position_Left Winger,-0.11819074781565951
51,position_Right Winger,-0.0019101872223491886
51,position_Second Striker,0.15568301163002796
51,league_ES1,-0.18923290781121968
51,league_FR1,-0.032324147890905625
51,league_GB1,-0.4882351745018589
51,league_IT1,0.13127411166038064
51,league_L1,-0.22350563941688542
51,league_NL1,0.8005004405143037
51,league_PO1,0.08606001665701522
51,league_RU1,-0.1513714473704469
51,league_TR1,0.030540481747156123
51,foot_Unknown,0.9158428048679178
51,foot_both,-0.2340129169557031
51,foot_left,-0.4286069333049261
51,foot_right,-0.28951722101975
52,goals_prev,0.6134776058608427
52,assists_prev,0.06636671726233917
52,minutes_prev,0.32941343971385006
52,goals_per90_prev,0.035945047325798146
52,appearances_prev,-0.216910066382404
52,age,0.060491483829907884
52,valuation_eur,0.19095245472739028
52,valuation_growth_12m,-0.017068773357178088
52,club_mean_valuation_eur,0.392521741538258
52,height_cm,0.0007423351127459241
52,club_change_known_at_cutoff,0.1350944016268014
52,position_Attacking Midfield,-0.7282523521304994
52,position_Centre-Forward,0.3990525835895576
52,position_Left Winger,-0.3145131500739583
52,position_Right Winger,-0.30814468848724835
52,position_Second Striker,0.04234700393263388
52,league_ES1,-0.24338368362938256
52,league_FR1,0.38400897576039306
52,league_GB1,-0.28316666490861425
52,league_IT1,-0.005738833187092644
52,league_L1,-0.25889562178006914
52,league_NL1,0.2594407933834835
52,league_PO1,-0.09944976202256367
52,league_RU1,-0.18541263234958333
52,league_TR1,-0.47691317443608217
52,foot_Unknown,-0.9012495800674284
52,foot_both,-0.014409716911032483
52,foot_left,0.07392273859759058
52,foot_right,-0.06777404478863809
53,goals_prev,0.5051354455429821
53,assists_prev,0.009690881721264302
53,minutes_prev,0.3461573532107437
53,goals_per90_prev,0.16363072715941215
53,appearances_prev,-0.10660423019133151
53,age,-0.03091456304820411
53,valuation_eur,0.23164011374563293
53,valuation_growth_12m,-0.0569722610502125
53,club_mean_valuation_eur,0.2743202589034357
53,height_cm,0.14534073512994333
53,club_change_known_at_cutoff,0.06972209630724581
53,position_Attacking Midfield,-0.5266028540514593
53,position_Centre-Forward,0.5638007912237403
53,position_Left Winger,-0.14310745290651816
53,position_Right Winger,-0.16606557816191111
53,position_Second Striker,0.27247951278893934
53,league_ES1,0.04419846160007095
53,league_FR1,0.2781457819270195
53,league_GB1,0.01865070759015709
53,league_IT1,0.05270860971598063
53,league_L1,0.026022393261972088
53,league_NL1,0.08514259251857914
53,league_PO1,0.0784097211491276
53,league_RU1,-0.6729766359468045
53,league_TR1,0.09020278707668254
53,foot_Unknown,-0.05694765065824448
53,foot_both,0.1403482126311119
53,foot_left,-0.10629952278785852
53,foot_right,0.02340337970777631
54,goals_prev,0.4605439533888016
54,assists_prev,0.09293886624372612
54,minutes_prev,0.4741370381996968
54,goals_per90_prev,0.20906569441737075
54,appearances_prev,-0.2634573978083832
54,age,-0.02263513686812531
54,valuation_eur,0.21506261889715364
54,valuation_growth_12m,0.08829344779649625
54,club_mean_valuation_eur,0.3766806301863354
54,height_cm,0.20575207051229477
54,club_change_known_at_cutoff,0.11144649751268004
54,position_Attacking Midfield,-0.5986569001901347
54,position_Centre-Forward,0.45756993259312506
54,position_Left Winger,-0.21400956179195238
54,position_Right Winger,-0.03416419976857812
54,position_Second Striker,0.3124603816383159
54,league_ES1,0.07626669826740556
54,league_FR1,0.13379757401094347
54,league_GB1,-0.48527268076058167
54,league_IT1,0.014363370802166184
54,league_L1,-0.4068271527069573
54,league_NL1,0.3227702629415505
54,league_PO1,0.39656573230485775
54,league_RU1,-0.05001750016834607
54,league_TR1,-0.07844665221025236
54,foot_Unknown,0.44963455079548675
54,foot_both,-0.25698065061659403
54,foot_left,-0.29908029269284847
54,foot_right,0.029626044994736818
55,goals_prev,0.2544001330434267
55,assists_prev,0.03198193563416835
55,minutes_prev,0.4634987512831169
55,goals_per90_prev,0.28403116525491134
55,appearances_prev,-0.28258992177468917
55,age,0.11185070893455777
55,valuation_eur,0.5378559038415576
55,valuation_growth_12m,0.0670861871326557
55,club_mean_valuation_eur,0.11178840016682597
55,height_cm,0.2028084414136242
55,club_change_known_at_cutoff,0.05788222939529472
55,position_Attacking Midfield,-0.4940473316295292
55,position_Centre-Forward,0.5193516216161308
55,position_Left Winger,0.06944721117448498
55,position_Right Winger,-0.2923318611977236
55,position_Second Striker,0.23784988972764168
55,league_ES1,-0.06795741688637048
55,league_FR1,0.3126543801499367
55,league_GB1,-0.2953837475134627
55,league_IT1,0.2795212017050997
55,league_L1,-0.47498456560882
55,league_NL1,0.5368502328238409
55,league_PO1,0.2205760505226228
55,league_RU1,-0.40590559763988227
55,league_TR1,-0.0651010078619377
55,foot_Unknown,-0.038498576058823994
55,foot_both,0.10257973778059906
55,foot_left,-0.17853228215653696
55,foot_right,0.15472065012579156
56,goals_prev,0.07838385932083662
56,assists_prev,0.08036272200444082
56,minutes_prev,0.5456471333706975
56,goals_per90_prev,0.7053619871334832
56,appearances_prev,-0.0386746117654147
56,age,-0.11658606141657239
56,valuation_eur,0.004885235466135347
56,valuation_growth_12m,0.00023002897194364337
56,club_mean_valuation_eur,0.35887760349774295
56,height_cm,0.06435379561325975
56,club_change_known_at_cutoff,0.041918684346092173
56,position_Attacking Midfield,-0.385672251165698
56,position_Centre-Forward,0.3621822065026679
56,position_Left Winger,-0.0433723780270868
56,position_Right Winger,0.008935022029225914
56,position_Second Striker,0.05691600339007663
56,league_ES1,0.03769100481398795
56,league_FR1,0.19459303357732247
56,league_GB1,-0.24033003667271272
56,league_IT1,0.2575791982994033
56,league_L1,-0.24185658079246533
56,league_NL1,0.050662736394323046
56,league_PO1,0.06254602911814879
56,league_RU1,-0.035380592549084676
56,league_TR1,-0.08651618945974032
56,foot_Unknown,0.35665365133709304
56,foot_both,0.10112607867684187
56,foot_left,-0.48660159929087404
56,foot_right,0.027810472006140053
57,goals_prev,0.36785539458119954
57,assists_prev,0.10965718533774728
57,minutes_prev,0.5532298742587741
57,goals_per90_prev,0.20270614285274824
57,appearances_prev,-0.2976102042017328
57,age,-0.034626779372082514
57,valuation_eur,0.08119858428574006
57,valuation_growth_12m,0.058539276387015
57,club_mean_valuation_eur,0.5507798081955576
57,height_cm,0.1915887679950893
57,club_change_known_at_cutoff,0.10982384243856441
57,position_Attacking Midfield,-0.4275395661909342
57,position_Centre-Forward,0.6213715424170728
57,position_Left Winger,0.08618802912271029
57,position_Right Winger,-0.3064311066382414
57,position_Second Striker,0.057253066788181935
57,league_ES1,-0.06902458174306463
57,league_FR1,0.25152469802636196
57,league_GB1,-0.3509827931899761
57,league_IT1,0.12367464762901409
57,league_L1,-0.43015638496314434
57,league_NL1,0.5170087799957578
57,league_PO1,0.042694104407194476
57,league_RU1,-0.18485963326182495
57,league_TR1,0.13096312859847092
57,foot_Unknown,0.43601863421913367
57,foot_both,-0.16674265767892282
57,foot_left,-0.23129650926720755
57,foot_right,-0.007137501774201924
58,goals_prev,0.6307475361459107
58,assists_prev,0.05045550937846026
58,minutes_prev,0.4412599622704997
58,goals_per90_prev,0.01160681308062339
58,appearances_prev,-0.27774157210737105
58,age,-0.13925457628435992
58,valuation_eur,0.29459130349815954
58,valuation_growth_12m,-0.015006923771179596
58,club_mean_valuation_eur,0.2314371224470939
58,height_cm,0.10100257406350945
58,club_change_known_at_cutoff,-0.05774929448382572
58,position_Attacking Midfield,-0.4762209671807976
58,position_Centre-Forward,0.4918280563301068
58,position_Left Winger,-0.12022806128397939
58,position_Right Winger,-0.18353559323002186
58,position_Second Striker,0.05055287310718548
58,league_ES1,-0.09806526654934392
58,league_FR1,0.2304748360326522
58,league_GB1,-0.39761238854490705
58,league_IT1,0.1860966714942294
58,league_L1,-0.14386926457389765
58,league_NL1,0.031958130228496875
58,league_PO1,0.2355562597833494
58,league_RU1,-0.27833957592686076
58,league_TR1,-0.0038030942012325947
58,foot_Unknown,0.49391034739495665
58,foot_both,-0.12847707932016272
58,foot_left,-0.3772010307098383
58,foot_right,-0.22583592962245821
59,goals_prev,0.31938014534544473
59,assists_prev,-0.005908839388561937
59,minutes_prev,0.4907434447276492
59,goals_per90_prev,0.24761774300709877
59,appearances_prev,-0.18648996341174306
59,age,0.07636127733787583
59,valuation_eur,0.43810450985621474
59,valuation_growth_12m,-0.039508883353246475
59,club_mean_valuation_eur,0.1865551535261998
59,height_cm,0.16575903049002563
59,club_change_known_at_cutoff,0.03028312299165745
59,position_Attacking Midfield,-0.4915936184883581
59,position_Centre-Forward,0.4859580253626036
59,position_Left Winger,0.21357037863468276
59,position_Right Winger,-0.3172117361504354
59,position_Second Striker,0.12805982991097467
59,league_ES1,0.00597117058485195
59,league_FR1,-0.06870355972305747
59,league_GB1,-0.28152976911124566
59,league_IT1,0.1651570310623948
59,league_L1,-0.2518161568450256
59,league_NL1,0.6136808582604585
59,league_PO1,0.23773558848721604
59,league_RU1,-0.4245836683814629
59,league_TR1,0.022871384935340154
59,foot_Unknown,0.6144867729613253
59,foot_both,-0.05199276264672532
59,foot_left,-0.2921290711839793
59,foot_right,-0.2515820598611474
60,goals_prev,0.22448033032225825
60,assists_prev,0.10333852707283539
60,minutes_prev,0.4210559015112086
60,goals_per90_prev,0.35923994418321303
60,appearances_prev,-0.09311490476434818
60,age,0.05934445629655108
60,valuation_eur,0.39863806384523154
60,valuation_growth_12m,0.09985586384410178
60,club_mean_valuation_eur,0.2407534217754231
60,height_cm,0.06264604891103553
60,club_change_known_at_cutoff,0.015760677980877907
60,position_Attacking Midfield,-0.5164304837455713
60,position_Centre-Forward,0.4682021638205008
60,position_Left Winger,0.03729724499680248
60,position_Right Winger,-0.22316274592494784
60,position_Second Striker,0.1826423355468864
60,league_ES1,-0.38453628534907164
60,league_FR1,0.3035339788011779
60,league_GB1,-0.2638825314846014
60,league_IT1,0.07744403875903116
60,league_L1,-0.42811287961605565
60,league_NL1,0.4591311660821091
60,league_PO1,0.25864615324250145
60,league_RU1,-0.11889708964529956
60,league_TR1,0.04522196390387771
60,foot_Unknown,-0.2241971381117876
60,foot_both,-0.11251536597010611
60,foot_left,0.0694071474157932
60,foot_right,0.215853871359774
61,goals_prev,0.36871860331506845
61,assists_prev,0.015127231585358678
61,minutes_prev,0.6459276916022461
61,goals_per90_prev,0.22926391526966328
61,appearances_prev,-0.3145590250891541
61,age,-0.08572040382557397
61,valuation_eur,0.13455181267706082
61,valuation_growth_12m,-0.02671690227342754
61,club_mean_valuation_eur,0.5099199382576229
61,height_cm,0.16101865432776538
61,club_change_known_at_cutoff,0.03530582709181363
61,position_Attacking Midfield,-0.7093816875059757
61,position_Centre-Forward,0.5707423121228
61,position_Left Winger,-0.28589247103594567
61,position_Right Winger,0.11247861229005704
61,position_Second Striker,0.28445309217323894
61,league_ES1,-0.03765898370571649
61,league_FR1,-0.0061462586585689745
61,league_GB1,-0.2708439802622036
61,league_IT1,0.14232581101720898
61,league_L1,-0.44784197351849175
61,league_NL1,0.4269488803464499
61,league_PO1,0.3749383819232293
61,league_RU1,-0.21646601664699427
61,league_TR1,0.007143997549261803
61,foot_Unknown,0.5893980152269361
61,foot_both,-0.1805507190716471
61,foot_left,-0.3166232766232126
61,foot_right,-0.1198241614879146
62,goals_prev,0.44487994624547417
62,assists_prev,0.2653478914896303
62,minutes_prev,0.27861031237608586
62,goals_per90_prev,0.2574254886335174
62,appearances_prev,-0.12644683702599127
62,age,-0.16251063381492684
62,valuation_eur,0.051937917800453655
62,valuation_growth_12m,-0.0037598609283871465
62,club_mean_valuation_eur,0.38290392856505184
62,height_cm,0.048777745114106874
62,club_change_known_at_cutoff,0.053939220071551094
62,position_Attacking Midfield,-0.5705470036711592
62,position_Centre-Forward,0.5119143194610567
62,position_Left Winger,-0.027611843900649063
62,position_Right Winger,-0.13771473082243274
62,position_Second Striker,0.17873069581338186
62,league_ES1,0.06706243407141776
62,league_FR1,-0.04389099870725555
62,league_GB1,-0.09358760070666046
62,league_IT1,0.19760145902266765
62,league_L1,-0.29706286971535223
62,league_NL1,0.2146287513775105
62,league_PO1,0.03281369710998038
62,league_RU1,-0.14082047078650353
62,league_TR1,0.018027035214370723
62,foot_Unknown,0.5143846976549392
62,foot_both,-0.1076920677526506
62,foot_left,-0.2843300621436702
62,foot_right,-0.16759113087843142
63,goals_prev,0.42592534559476397
63,assists_prev,0.03905387598865426
63,minutes_prev,0.5267545408345494
63,goals_per90_prev,0.21712558904018744
63,appearances_prev,-0.28738151044496574
63,age,0.004807356781259276
63,valuation_eur,0.24008699295724883
63,valuation_growth_12m,0.024145092864308427
63,club_mean_valuation_eur,0.2837050221813565
63,height_cm,0.1207693496954368
63,club_change_known_at_cutoff,0.04239750711498988
63,position_Attacking Midfield,-0.5754309027334459
63,position_Centre-Forward,0.460283374753399
63,position_Left Winger,0.031655394470988654
63,position_Right Winger,-0.030722879757477846
63,position_Second Striker,0.041252298286604885
63,league_ES1,-0.035351438953374295
63,league_FR1,0.4152908451638163
63,league_GB1,0.055148621297064104
63,league_IT1,0.18743206880103166
63,league_L1,-0.4411645222209082
63,league_NL1,0.11541953565944861
63,league_PO1,-0.01005828700534464
63,league_RU1,-0.22925425489949064
63,league_TR1,-0.13042528282217905
63,foot_Unknown,0.5191173581467239
63,foot_both,-0.3283050728416854
63,foot_left,-0.19606623787320446
63,foot_right,-0.06770876241176708
64,goals_prev,0.36897330117457516
64,assists_prev,0.024073682714399403
64,minutes_prev,0.3839577624242122
64,goals_per90_prev,0.21804201892890987
64,appearances_prev,-0.10753214730843628
64,age,-0.0046493767219053074
64,valuation_eur,0.41543956936800175
64,valuation_growth_12m,-0.03402849785003132
64,club_mean_valuation_eur,0.2312637152413953
64,height_cm,0.13091461644928698
64,club_change_known_at_cutoff,0.0811253782741032
64,position_Attacking Midfield,-0.5871954496315039
64,position_Centre-Forward,0.46833019208636245
64,position_Left Winger,-0.04937348070268691
64,position_Right Winger,0.06389654543890151
64,position_Second Striker,0.041287911914834156
64,league_ES1,-0.06667477388235186
64,league_FR1,0.16406202372935258
64,league_GB1,-0.16445693089541286
64,league_IT1,0.22870287953962376
64,league_L1,-0.35142067203538974
64,league_NL1,0.5459124357110415
64,league_PO1,0.06815295649145137
64,league_RU1,-0.43397289721512133
64,league_TR1,-0.053359302337287376
64,foot_Unknown,0.6995618093927746
64,foot_both,-0.17712053539884895
64,foot_left,-0.4553857203330509
64,foot_right,-0.13010983455498637
65,goals_prev,0.29743108371798427
65,assists_prev,-0.00037442561664630266
65,minutes_prev,0.4528689451807415
65,goals_per90_prev,0.30349566843920783
65,appearances_prev,-0.09608871265944498
65,age,0.014668437538300584
65,valuation_eur,0.3782561739269856
65,valuation_growth_12m,0.04213389605751676
65,club_mean_valuation_eur,0.2799900220058495
65,height_cm,0.07293983871263554
65,club_change_known_at_cutoff,0.14114880404028549
65,position_Attacking Midfield,-0.5142301605416438
65,position_Centre-Forward,0.44289682949313214
65,position_Left Winger,-0.038026498563057974
65,position_Right Winger,-0.14905722475415636
65,position_Second Striker,0.2162768682084697
65,league_ES1,-0.31673186849323387
65,league_FR1,0.4311448994233864
65,league_GB1,-0.1306340653198273
65,league_IT1,0.27329961767603694
65,league_L1,-0.3912237762802789
65,league_NL1,0.3066704296522018
65,league_PO1,0.16870381460369951
65,league_RU1,-0.3612589178059577
65,league_TR1,-0.022110319613286224
65,foot_Unknown,-0.36999430396691985
65,foot_both,0.20200480612224928
65,foot_left,-0.01895233962808654
65,foot_right,0.14480165131549516
66,goals_prev,0.1644347457401519
66,assists_prev,0.13218581513466335
66,minutes_prev,0.5379624964742848
66,goals_per90_prev,0.34629810906678615
66,appearances_prev,-0.20510661667711969
66,age,0.024086582787961962
66,valuation_eur,0.2522183538469568
66,valuation_growth_12m,0.16262692083033736
66,club_mean_valuation_eur,0.39875302357344095
66,height_cm,0.10181846111850214
66,club_change_known_at_cutoff,0.13577302499207708
66,position_Attacking Midfield,-0.6691325589619066
66,position_Centre-Forward,0.558145714700887
66,position_Left Winger,0.028423640708820256
66,position_Right Winger,-0.02732566351249215
66,position_Second Striker,0.0801988161920411
66,league_ES1,-0.15050189764974567
66,league_FR1,0.0035276147413971348
66,league_GB1,-0.11586509357969091
66,league_IT1,-0.02817632830889227
66,league_L1,-0.2512803613507953
66,league_NL1,0.5344448298968268
66,league_PO1,0.016834823113313052
66,league_RU1,-0.04892136319080342
66,league_TR1,0.010247725455743789
66,foot_Unknown,0.9150799735026641
66,foot_both,-0.38793748371027503
66,foot_left,-0.3377100627311332
66,foot_right,-0.2191224779339219
67,goals_prev,0.48739667322437696
67,assists_prev,0.10422586854990368
67,minutes_prev,0.28623387888949325
67,goals_per90_prev,0.0965972910265958
67,appearances_prev,-0.20470927246004694
67,age,-0.0768501348510733
67,valuation_eur,0.188971371467332
67,valuation_growth_12m,0.028023540913662506
67,club_mean_valuation_eur,0.3598355955406011
67,height_cm,0.17286327303109478
67,club_change_known_at_cutoff,-0.009217166975429528
67,position_Attacking Midfield,-0.544320801186833
67,position_Centre-Forward,0.5185270245487267
67,position_Left Winger,-0.0889227546082983
67,position_Right Winger,0.0449630955958986
67,position_Second Striker,-0.03568624689332
67,league_ES1,0.04804114278829317
67,league_FR1,0.08856550133282641
67,league_GB1,-0.5136072094211187
67,league_IT1,0.07160902678594243
67,league_L1,-0.4189876865480131
67,league_NL1,0.5520666121299858
67,league_PO1,0.31397988694643425
67,league_RU1,-0.3310740723886819
67,league_TR1,0.08396711583051121
67,foot_Unknown,0.10873679050509623
67,foot_both,-0.05446035243540693
67,foot_left,-0.2041912527344299
67,foot_right,0.04447513212091045
68,goals_prev,0.4529033262128809
68,assists_prev,0.04099415353691079
68,minutes_prev,0.43221415105235694
68,goals_per90_prev,0.11231940725814464
68,appearances_prev,-0.2472080114676911
68,age,-0.014536680275811373
68,valuation_eur,0.36277023110116113
68,valuation_growth_12m,0.09685329278185402
68,club_mean_valuation_eur,0.29056214828508664
68,height_cm,0.20197526730973844
68,club_change_known_at_cutoff,0.043708348208743815
68,position_Attacking Midfield,-0.5285307656098045
68,position_Centre-Forward,0.3495773752867134
68,position_Left Winger,-0.0849793571736388
68,position_Right Winger,-0.11709880909384532
68,position_Second Striker,0.37653833207075443
68,league_ES1,-0.2587979147289197
68,league_FR1,0.008254663923638293
68,league_GB1,-0.2527765019069749
68,league_IT1,0.11610201354099808
68,league_L1,-0.16094339240628627
68,league_NL1,0.6366982846914968
68,league_PO1,0.04145620609433419
68,league_RU1,-0.4267125539268673
68,league_TR1,0.29222597019873864
68,foot_Unknown,-0.4637244422651111
68,foot_both,0.07692135260612303
68,foot_left,0.23220166966630224
68,foot_right,0.15010819547284746
69,goals_prev,0.6596415928088766
69,assists_prev,0.061251950867361314
69,minutes_prev,0.29478271042615883
69,goals_per90_prev,0.060037607462892995
69,appearances_prev,-0.12087281980137897
69,age,-0.020039073287816237
69,valuation_eur,0.2043606870228307
69,valuation_growth_12m,0.009729223399317715
69,club_mean_valuation_eur,0.4180652140756975
69,height_cm,0.16363406360695257
69,club_change_known_at_cutoff,0.09732565631419252
69,position_Attacking Midfield,-0.5019447037983523
69,position_Centre-Forward,0.09330666890565263
69,position_Left Winger,-0.11210377671784505
69,position_Right Winger,-0.3588311351071138
69,position_Second Striker,0.21965521022405146
69,league_ES1,-0.11470338967916273
69,league_FR1,0.06472768173836672
69,league_GB1,-0.349144905620007
69,league_IT1,0.07086294489062908
69,league_L1,-0.5440544953456496
69,league_NL1,0.21984457273819116
69,league_PO1,0.04392122796794065
69,league_RU1,-0.16653770146627442
69,league_TR1,0.11516632828235779
69,foot_Unknown,0.7313672805659318
69,foot_both,-0.790456149965329
69,foot_left,-0.3304339833001179
69,foot_right,-0.27039488379408455
70,goals_prev,0.2735066210657079
70,assists_prev,0.0794088198271803
70,minutes_prev,0.5409248707118907
70,goals_per90_prev,0.31552563962644586
70,appearances_prev,-0.1926356704535358
70,age,-0.10074780161733907
70,valuation_eur,0.07361297309720262
70,valuation_growth_12m,0.03704334129513235
70,club_mean_valuation_eur,0.6045451385637071
70,height_cm,0.16087864573224764
70,club_change_known_at_cutoff,0.09219476028406173
70,position_Attacking Midfield,-0.6296281674816384
70,position_Centre-Forward,0.5614794764192443
70,position_Left Winger,0.09164887120019731
70,position_Right Winger,-0.05286885583208404
70,position_Second Striker,-0.04894745009969159
70,league_ES1,-0.16733875732215736
70,league_FR1,0.08156493362660393
70,league_GB1,-0.3130346750716455
70,league_IT1,0.09582810327897015
70,league_L1,-0.38141783394637396
70,league_NL1,0.45624650200434136
70,league_PO1,0.28984692974262705
70,league_RU1,-0.21325244033908392
70,league_TR1,0.07324111223274944
70,foot_Unknown,0.15012196942326766
70,foot_both,0.17941948130806457
70,foot_left,-0.23868873748961886
70,foot_right,-0.16916883903569044
71,goals_prev,0.38381902990262634
71,assists_prev,-0.031737340816904984
71,minutes_prev,0.5983227200537111
71,goals_per90_prev,0.36412652537511225
71,appearances_prev,-0.3076617793329998
71,age,-0.1078957565129758
71,valuation_eur,0.265796128197392
71,valuation_growth_12m,0.10937987225637048
71,club_mean_valuation_eur,0.4301815896211869
71,height_cm,0.05342147610717554
71,club_change_known_at_cutoff,0.011130509325447966
71,position_Attacking Midfield,-0.8762120498056157
71,position_Centre-Forward,0.2853641472497549
71,position_Left Winger,0.010966255710701365
71,position_Right Winger,-0.2098575114943121
71,position_Second Striker,-0.19183605468797063
71,league_ES1,-0.20828446080744334
71,league_FR1,-0.061215489177192876
71,league_GB1,-0.394285987880259
71,league_IT1,0.12594582724094602
71,league_L1,-0.492165780536413
71,league_NL1,0.24904653359530682
71,league_PO1,0.28581436739485827
71,league_RU1,-0.21563058763471085
71,league_TR1,-0.27079963522253636
71,foot_Unknown,0.6816005516068482
71,foot_both,-0.5083489587030474
71,foot_left,-0.7552417535847269
71,foot_right,-0.39958505234653985
72,goals_prev,0.24791039691811173
72,assists_prev,-0.010446305960615332
72,minutes_prev,0.356726480591099
72,goals_per90_prev,0.29885986334713316
72,appearances_prev,-0.019952390897192685
72,age,0.034364800639193005
72,valuation_eur,0.4307569637210012
72,valuation_growth_12m,-0.05538321277082053
72,club_mean_valuation_eur,0.23602789291077214
72,height_cm,0.10812881554563747
72,club_change_known_at_cutoff,0.10210605315313079
72,position_Attacking Midfield,-0.3412276199395046
72,position_Centre-Forward,0.447368617506718
72,position_Left Winger,-0.19324242369619268
72,position_Right Winger,-0.06787860345281087
72,position_Second Striker,0.09819660665202957
72,league_ES1,-0.3397072051526899
72,league_FR1,0.21787976062492495
72,league_GB1,-0.30703539634575794
72,league_IT1,0.09927046001346267
72,league_L1,-0.467988873360752
72,league_NL1,0.7405142372395511
72,league_PO1,0.14628675743043776
72,league_RU1,-0.2823552203937992
72,league_TR1,0.13635205701485031
72,foot_Unknown,0.4406415545236101
72,foot_both,-0.17801747745545454
72,foot_left,-0.11005472308496826
72,foot_right,-0.20935277691294088
73,goals_prev,0.8220722375651511
73,assists_prev,0.07724063832361493
73,minutes_prev,0.18428615967680695
73,goals_per90_prev,-0.1919390063271147
73,appearances_prev,-0.03917690623241761
73,age,-0.04313325342102049
73,valuation_eur,0.2393174094626364
73,valuation_growth_12m,-0.02177997593136314
73,club_mean_valuation_eur,0.3035089430993422
73,height_cm,0.13567689605316582
73,club_change_known_at_cutoff,0.04453788776342956
73,position_Attacking Midfield,-0.5985130387080545
73,position_Centre-Forward,0.5516520778299135
73,position_Left Winger,-0.06530449159731239
73,position_Right Winger,-0.29352988092393234
73,position_Second Striker,0.3944074476360408
73,league_ES1,-0.03464779662453104
73,league_FR1,0.011648230179109953
73,league_GB1,-0.3118495106999954
73,league_IT1,0.09691302319759766
73,league_L1,-0.24583538669584534
73,league_NL1,0.4623775341478738
73,league_PO1,0.07529736243431513
73,league_RU1,-0.12970556025575522
73,league_TR1,0.06451421855387701
73,foot_Unknown,0.8094275806489573
73,foot_both,-0.1596424616932606
73,foot_left,-0.3807033256997957
73,foot_right,-0.2803696790192458
74,goals_prev,0.22413963668701262
74,assists_prev,0.04768667325565461
74,minutes_prev,0.6200062707112374
74,goals_per90_prev,0.2184969413246106
74,appearances_prev,-0.34029791714021085
74,age,-0.037512386454478734
74,valuation_eur,0.05595164418504959
74,valuation_growth_12m,0.06853745636504373
74,club_mean_valuation_eur,0.516747522268775
74,height_cm,0.08862185565032611
74,club_change_known_at_cutoff,0.10667603144482128
74,position_Attacking Midfield,-0.9582225773729023
74,position_Centre-Forward,0.6940917834660785
74,position_Left Winger,-0.12754672845060455
74,position_Right Winger,-0.2327835245259645
74,position_Second Striker,0.6154659642781931
74,league_ES1,-0.20932839892008595
74,league_FR1,0.11313482603870023
74,league_GB1,-0.2795743165373707
74,league_IT1,0.14275040603074343
74,league_L1,-0.2789975101069593
74,league_NL1,0.6351629055429647
74,league_PO1,-0.11298001235018088
74,league_RU1,-0.2970990443238837
74,league_TR1,0.2779360620208721
74,foot_Unknown,0.691615661032295
74,foot_both,-0.2462102897907344
74,foot_left,-0.2297565009259971
74,foot_right,-0.22464395292073205
75,goals_prev,0.47988968349745165
75,assists_prev,-0.007687368647266834
75,minutes_prev,0.4750839671416275
75,goals_per90_prev,0.12191644704383439
75,appearances_prev,-0.1733350738195559
75,age,-0.08561876814881562
75,valuation_eur,0.16899356103946847
75,valuation_growth_12m,0.013084512255613395
75,club_mean_valuation_eur,0.573450684333177
75,height_cm,0.1550434136742251
75,club_change_known_at_cutoff,0.13356796768821938
75,position_Attacking Midfield,-0.7665108246040548
75,position_Centre-Forward,0.42612246393430064
75,position_Left Winger,-0.16562456608749895
75,position_Right Winger,-0.17827779566743815
75,position_Second Striker,-0.20495919337143162
75,league_ES1,-0.40866621500565825
75,league_FR1,0.3413599887692199
75,league_GB1,-0.5887626870390765
75,league_IT1,0.047577432923043166
75,league_L1,-0.7300403348727037
75,league_NL1,0.3988435850631894
75,league_PO1,0.23298280149788492
75,league_RU1,-0.3567254245132282
75,league_TR1,0.17418093738120385
75,foot_Unknown,0.5494723906254257
75,foot_both,-0.23462113838452173
75,foot_left,-0.6708003660612815
75,foot_right,-0.5333008019757386
76,goals_prev,0.4228049495791002
76,assists_prev,0.012485781727842942
76,minutes_prev,0.5376762616710498
76,goals_per90_prev,0.11292704556419422
76,appearances_prev,-0.3289850688450949
76,age,0.028687136557361166
76,valuation_eur,0.27875546841875387
76,valuation_growth_12m,0.08045896475313247
76,club_mean_valuation_eur,0.3894038991673706
76,height_cm,0.09901908380246403
76,club_change_known_at_cutoff,0.13891979220694736
76,position_Attacking Midfield,-0.8057109402309555
76,position_Centre-Forward,0.34852451532020284
76,position_Left Winger,-0.070055081303935
76,position_Right Winger,-0.33524649431503006
76,position_Second Striker,0.06792897242574464
76,league_ES1,-0.19764340464050542
76,league_FR1,0.21888968733266906
76,league_GB1,-0.48699533695584507
76,league_IT1,-0.20330624576068054
76,league_L1,-0.4318751204352436
76,league_NL1,0.5685556758904486
76,league_PO1,-0.17128793306748133
76,league_RU1,-0.1918850835870961
76,league_TR1,0.10098873311975458
76,foot_Unknown,0.3779622815069083
76,foot_both,-0.2372334451771545
76,foot_left,-0.5473983438589768
76,foot_right,-0.3878895205747536
77,goals_prev,0.33305924981183593
77,assists_prev,0.08132299473649103
77,minutes_prev,0.4614341260615491
77,goals_per90_prev,0.3220364348907593
77,appearances_prev,-0.06354725312323395
77,age,-0.1476412832432993
77,valuation_eur,0.1291982773386617
77,valuation_growth_12m,0.059696778476859724
77,club_mean_valuation_eur,0.34845749488604516
77,height_cm,0.11727711266101691
77,club_change_known_at_cutoff,0.011731677033569246
77,position_Attacking Midfield,-0.5254134744808775
77,position_Centre-Forward,0.5927225060240688
77,position_Left Winger,-0.11249743800030385
77,position_Right Winger,-0.10556866552360553
77,position_Second Striker,0.15049068737972623
77,league_ES1,-0.05396580377914877
77,league_FR1,0.08665218317320574
77,league_GB1,-0.3106615887013366
77,league_IT1,0.16962316262728655
77,league_L1,-0.4707611401816397
77,league_NL1,0.8581059206844248
77,league_PO1,0.09772614676559076
77,league_RU1,-0.26393509442169377
77,league_TR1,-0.11305017076765848
77,foot_Unknown,0.5647637107693442
77,foot_both,-0.12941669821778928
77,foot_left,-0.26090394617079554
77,foot_right,-0.17470945098177085
78,goals_prev,0.33348075701269925
78,assists_prev,0.06934600681176449
78,minutes_prev,0.4894421834303549
78,goals_per90_prev,0.29457647194890224
78,appearances_prev,-0.2891109507696204
78,age,-0.0012225845367203724
78,valuation_eur,0.1854656110002923
78,valuation_growth_12m,0.02931317433766366
78,club_mean_valuation_eur,0.5201964672975263
78,height_cm,0.3135051045790112
78,club_change_known_at_cutoff,-0.01011996094448568
78,position_Attacking Midfield,-0.36262260120745665
78,position_Centre-Forward,0.3383018247951212
78,position_Left Winger,0.030430296989713536
78,position_Right Winger,-0.12024468746063192
78,position_Second Striker,0.009015728684586399
78,league_ES1,-0.1651394958860483
78,league_FR1,0.157567985429612
78,league_GB1,-0.38091256635041565
78,league_IT1,0.08053689781306597
78,league_L1,-0.3685947844810826
78,league_NL1,0.6409774378475077
78,league_PO1,0.19772898408253228
78,league_RU1,-0.6084830191520056
78,league_TR1,0.3411991224981524
78,foot_Unknown,0.09343820440738694
78,foot_both,-0.44201077344576606
78,foot_left,0.11926215894936235
78,foot_right,0.12419097189034539
79,goals_prev,0.21796622105981994
79,assists_prev,0.051447756614050724
79,minutes_prev,0.4458768790919524
79,goals_per90_prev,0.40386465513822656
79,appearances_prev,-0.1612617804653283
79,age,0.03104202213720466
79,valuation_eur,0.4087797572779242
79,valuation_growth_12m,0.07565855753914676
79,club_mean_valuation_eur,0.19315925910581133
79,height_cm,0.12058318329947762
79,club_change_known_at_cutoff,0.0702654664100156
79,position_Attacking Midfield,-0.3762015353122799
79,position_Centre-Forward,0.40480769990294213
79,position_Left Winger,-0.2337720638746129
79,position_Right Winger,-0.23524186746577375
79,position_Second Striker,0.3240838814362696
79,league_ES1,-0.3378197147040431
79,league_FR1,0.03902056839699205
79,league_GB1,0.16626940723238445
79,league_IT1,-0.010860221983384622
79,league_L1,-0.2311437758133502
79,league_NL1,0.4751918480196131
79,league_PO1,0.23946867642642178
79,league_RU1,-0.29424810868577916
79,league_TR1,-0.16220256420230744
79,foot_Unknown,0.37445227013390725
79,foot_both,0.0685264653191236
79,foot_left,-0.3744954991792409
79,foot_right,-0.18480712158723106
80,goals_prev,0.48858070362053047
80,assists_prev,0.05085034341011501
80,minutes_prev,0.15827130611403667
80,goals_per90_prev,0.12896926462428424
80,appearances_prev,0.056443958824669654
80,age,0.020820911565537115
80,valuation_eur,0.48990757110729904
80,valuation_growth_12m,0.011877877827088207
80,club_mean_valuation_eur,0.18832409422114899
80,height_cm,0.07418429878166737
80,club_change_known_at_cutoff,0.06781969491963233
80,position_Attacking Midfield,-0.645131504480801
80,position_Centre-Forward,0.45515543210579795
80,position_Left Winger,0.12451886974656423
80,position_Right Winger,-0.12896060206992685
80,position_Second Striker,0.1055253162242079
80,league_ES1,-0.2149396952087744
80,league_FR1,0.15646436851697235
80,league_GB1,-0.4582918850321678
80,league_IT1,0.13950324065644323
80,league_L1,-0.3039472082410875
80,league_NL1,0.9256074307263941
80,league_PO1,0.1373912978740736
80,league_RU1,-0.4399810201921381
80,league_TR1,-0.030699017573868052
80,foot_Unknown,0.39854843365765946
80,foot_both,-0.052610920863655174
80,foot_left,-0.262257646265274
80,foot_right,-0.1725723550028862
81,goals_prev,0.36246331234458623
81,assists_prev,0.02527351267456548
81,minutes_prev,0.4700533606157923
81,goals_per90_prev,0.2335055901000495
81,appearances_prev,-0.19221572103708864
81,age,-0.06564264287851024
81,valuation_eur,0.14703777440734037
81,valuation_growth_12m,0.016043341208460814
81,club_mean_valuation_eur,0.35810668880029317
81,height_cm,0.1255419596607853
81,club_change_known_at_cutoff,0.07470766911360639
81,position_Attacking Midfield,-0.8403777503492807
81,position_Centre-Forward,0.2972919606836038
81,position_Left Winger,-0.3033260581268747
81,position_Right Winger,-0.24284028570577548
81,position_Second Striker,0.24216752278097886
81,league_ES1,-0.10365211813979648
81,league_FR1,0.09133699859128896
81,league_GB1,-0.1944918445247568
81,league_IT1,0.18315640618933007
81,league_L1,-0.3650262948630418
81,league_NL1,0.03836951263375543
81,league_PO1,-0.24563809199842818
81,league_RU1,-0.35793668221321173
81,league_TR1,0.10679750360751142
81,foot_Unknown,-1.0004978554516146
81,foot_both,0.24647345445038385
81,foot_left,-0.19759822651307032
81,foot_right,0.10453801679694762
82,goals_prev,0.42999030923418047
82,assists_prev,0.14285791023664512
82,minutes_prev,0.5357367464943306
82,goals_per90_prev,0.1980388310619788
82,appearances_prev,-0.26484603241558213
82,age,-0.12230629449356059
82,valuation_eur,0.06456643119839629
82,valuation_growth_12m,-0.07667141807656704
82,club_mean_valuation_eur,0.513108012693087
82,height_cm,0.19454877319640698
82,club_change_known_at_cutoff,0.004468918363356725
82,position_Attacking Midfield,-0.5482836810664251
82,position_Centre-Forward,0.5205785341805299
82,position_Left Winger,-0.10059616400664798
82,position_Right Winger,-0.1440874596306751
82,position_Second Striker,0.2576083077383603
82,league_ES1,-0.14444247798974005
82,league_FR1,0.132166111678821
82,league_GB1,-0.30400243982433095
82,league_IT1,0.25795754928591946
82,league_L1,-0.516745778171872
82,league_NL1,0.5460439935292944
82,league_PO1,0.34930573908543155
82,league_RU1,-0.4188971491289234
82,league_TR1,0.08383398875054411
82,foot_Unknown,0.1182056607229377
82,foot_both,0.2202951173295304
82,foot_left,-0.2964389991341079
82,foot_right,-0.05684224170321888
83,goals_prev,0.3357765134063762
83,assists_prev,0.10768998854465228
83,minutes_prev,0.4517043471379863
83,goals_per90_prev,0.28803989652703177
83,appearances_prev,-0.3039942598960432
83,age,0.00562946536003096
83,valuation_eur,0.4537873500127921
83,valuation_growth_12m,0.05799671149173688
83,club_mean_valuation_eur,0.20619912763193116
83,height_cm,-0.008620645945535717
83,club_change_known_at_cutoff,0.04878363203078731
83,position_Attacking Midfield,-0.7700359686405142
83,position_Centre-Forward,0.6366705858332078
83,position_Left Winger,-0.04743234586531086
83,position_Right Winger,-0.06178211377489327
83,position_Second Striker,0.18316455000578327
83,league_ES1,-0.05006529520578513
83,league_FR1,0.03501442864856973
83,league_GB1,-0.23922717216936867
83,league_IT1,0.17282926474111548
83,league_L1,-0.1048917127765368
83,league_NL1,0.4302719261948994
83,league_PO1,0.07049719825920939
83,league_RU1,-0.3686239188606044
83,league_TR1,-0.005220011273238545
83,foot_Unknown,0.8239762528647573
83,foot_both,-0.30350980902634844
83,foot_left,-0.40261895552136057
83,foot_right,-0.17726278075877455
84,goals_prev,0.34292130857943887
84,assists_prev,0.03361470351698168
84,minutes_prev,0.5409006086635969
84,goals_per90_prev,0.2113047345768547
84,appearances_prev,-0.21493045471967237
84,age,-0.03989281619359718
84,valuation_eur,0.26033059597549935
84,valuation_growth_12m,0.028030814945644442
84,club_mean_valuation_eur,0.4327021528658471
84,height_cm,0.17439690890210896
84,club_change_known_at_cutoff,0.14430848895620021
84,position_Attacking Midfield,-0.7662794584782102
84,position_Centre-Forward,0.4062463123215922
84,position_Left Winger,-0.08404490578736083
84,position_Right Winger,0.08025875578366863
84,position_Second Striker,0.3657851724902008
84,league_ES1,-0.2296944311126635
84,league_FR1,0.4046615025206501
84,league_GB1,-0.3996934422365505
84,league_IT1,-0.001304986307726577
84,league_L1,-0.3262602229647329
84,league_NL1,0.5558526793781765
84,league_PO1,0.11146638588470796
84,league_RU1,-0.18935770121986806
84,league_TR1,0.07629609238789768
84,foot_Unknown,0.9939691987426233
84,foot_both,-0.6108025077627177
84,foot_left,-0.3079441564218699
84,foot_right,-0.07325665822815453
85,goals_prev,0.6071363826541049
85,assists_prev,0.0433126081443318
85,minutes_prev,0.44118198977634787
85,goals_per90_prev,0.005159689245857294
85,appearances_prev,-0.21354275160652778
85,age,0.0573583851021262
85,valuation_eur,0.5296636090540747
85,valuation_growth_12m,0.003599635932009245
85,club_mean_valuation_eur,0.11699293433697852
85,height_cm,0.13286800925319364
85,club_change_known_at_cutoff,0.08411826793682359
85,position_Attacking Midfield,-0.6655166280435297
85,position_Centre-Forward,0.5246941644594771
85,position_Left Winger,0.028148973078786943
85,position_Right Winger,-0.08142685095865076
85,position_Second Striker,0.1634116071248934
85,league_ES1,-0.08779433409182201
85,league_FR1,0.28526422748330715
85,league_GB1,-0.3004840422869541
85,league_IT1,0.21569906014968962
85,league_L1,-0.32343257991785945
85,league_NL1,0.6445168300504177
85,league_PO1,0.15761575998392155
85,league_RU1,-0.496253507106765
85,league_TR1,-0.1258201486029425
85,foot_Unknown,-0.19888731462416515
85,foot_both,0.13057049609254104
85,foot_left,-0.05919358073278014
85,foot_right,0.09682166492537475
86,goals_prev,0.4142305978793113
86,assists_prev,-0.005556328517747538
86,minutes_prev,0.5034282382687756
86,goals_per90_prev,0.17609744284866988
86,appearances_prev,-0.2400540917117785
86,age,0.04873431980148581
86,valuation_eur,0.49080635118793664
86,valuation_growth_12m,0.020926620326688964
86,club_mean_valuation_eur,0.28981720643307557
86,height_cm,0.17438314472889901
86,club_change_known_at_cutoff,0.11346644844715296
86,position_Attacking Midfield,-0.8135343921973546
86,position_Centre-Forward,0.22666677563869148
86,position_Left Winger,-0.21660126344473307
86,position_Right Winger,-0.3014287986334505
86,position_Second Striker,0.24249889643744132
86,league_ES1,-0.4601980884042777
86,league_FR1,-0.021918584640342482
86,league_GB1,-0.4698854655937064
86,league_IT1,-0.08561887618961365
86,league_L1,-0.2726799008342942
86,league_NL1,0.8728830840499038
86,league_PO1,0.07745068739297009
86,league_RU1,-0.33834920647016914
86,league_TR1,-0.16408243150987586
86,foot_Unknown,0.8494375364240823
86,foot_both,-0.35350426313229394
86,foot_left,-0.8097429391385139
86,foot_right,-0.5485891163526592
87,goals_prev,0.2563885268970845
87,assists_prev,-0.06067070910773681
87,minutes_prev,0.6949753289883619
87,goals_per90_prev,0.29606317825994566
87,appearances_prev,-0.31210627323383794
87,age,-0.07649455620636521
87,valuation_eur,0.15717250415697112
87,valuation_growth_12m,-0.055198873566396196
87,club_mean_valuation_eur,0.5252963102405533
87,height_cm,0.046641545533941745
87,club_change_known_at_cutoff,0.10078038595868674
87,position_Attacking Midfield,-0.6608793745231645
87,position_Centre-Forward,0.7023438811918732
87,position_Left Winger,0.08877271617041947
87,position_Right Winger,-0.22846996017545235
87,position_Second Striker,0.05969641694929307
87,league_ES1,-0.08157799323640821
87,league_FR1,0.27031933100898486
87,league_GB1,-0.2625443503423249
87,league_IT1,-0.2447867010807676
87,league_L1,-0.5176200885980101
87,league_NL1,0.7316759857586764
87,league_PO1,0.16482017178989297
87,league_RU1,-0.24669440421169544
87,league_TR1,0.14787172852462097
87,foot_Unknown,1.0310630482013485
87,foot_both,-0.20469054532389203
87,foot_left,-0.4775645286178101
87,foot_right,-0.38734429464666276
88,goals_prev,0.08041499125719187
88,assists_prev,0.040068298821667035
88,minutes_prev,0.7172745655043239
88,goals_per90_prev,0.40151804378335276
88,appearances_prev,-0.333927776267698
88,age,-0.01977821510256726
88,valuation_eur,0.2698399676656654
88,valuation_growth_12m,0.10209043541257667
88,club_mean_valuation_eur,0.43440256370095176
88,height_cm,0.154453304335076
88,club_change_known_at_cutoff,-0.05199229032189073
88,position_Attacking Midfield,-0.3410888432180308
88,position_Centre-Forward,0.49066650701589515
88,position_Left Winger,-0.13427171873141217
88,position_Right Winger,-0.21759118692526988
88,position_Second Striker,0.2077583083705716
88,league_ES1,-0.08663583243657848
88,league_FR1,-0.12748175326299915
88,league_GB1,-0.14568670194692387
88,league_IT1,0.10642202584615086
88,league_L1,-0.43660717604306426
88,league_NL1,0.29428604185740365
88,league_PO1,0.27253106242471636
88,league_RU1,-0.03273228482974588
88,league_TR1,0.16137768490280197
88,foot_Unknown,0.6157304080581474
88,foot_both,-0.15993575333187982
88,foot_left,-0.2707507930088011
88,foot_right,-0.17957079520570315
89,goals_prev,0.564262438211141
89,assists_prev,0.09778533463414836
89,minutes_prev,0.34949804636276627
89,goals_per90_prev,0.11865507070629841
89,appearances_prev,-0.11121497423806698
89,age,-0.03913305833537536
89,valuation_eur,0.48965080873416916
89,valuation_growth_12m,0.1038278626429362
89,club_mean_valuation_eur,0.03981479541591528
89,height_cm,0.2036677513781492
89,club_change_known_at_cutoff,0.02964686223843872
89,position_Attacking Midfield,-0.7550010624691704
89,position_Centre-Forward,0.2631081797604885
89,position_Left Winger,-0.2112543202257984
89,position_Right Winger,-0.4035136690198556
89,position_Second Striker,0.20745268052312585
89,league_ES1,-0.18361805871913242
89,league_FR1,0.3255615102191233
89,league_GB1,-0.3185951472206739
89,league_IT1,0.08572083371699518
89,league_L1,-0.4803090301711142
89,league_NL1,0.25963865342139353
89,league_PO1,0.11443757093865325
89,league_RU1,-0.6367713482047411
89,league_TR1,-0.06527317541171294
89,foot_Unknown,0.957926808285427
89,foot_both,-0.5588269954657127
89,foot_left,-0.7825351242726185
89,foot_right,-0.5157728799783041
90,goals_prev,0.5515973836420035
90,assists_prev,0.06525065751849828
90,minutes_prev,0.40902442275863754
90,goals_per90_prev,0.12810608384036876
90,appearances_prev,-0.23970298749893204
90,age,-0.08428483619727814
90,valuation_eur,0.2172124076634334
90,valuation_growth_12m,0.0775977049511948
90,club_mean_valuation_eur,0.47791973249595127
90,height_cm,0.07675567499344217
90,club_change_known_at_cutoff,-0.02298822277176045
90,position_Attacking Midfield,-0.4699132726170499
90,position_Centre-Forward,0.5344173262515977
90,position_Left Winger,0.09859955091124822
90,position_Right Winger,-0.052582068763254046
90,position_Second Striker,-0.14434550773064786
90,league_ES1,-0.4650498627027918
90,league_FR1,0.2160279309421228
90,league_GB1,-0.49510180822546657
90,league_IT1,0.3087314911636766
90,league_L1,-0.33621334490037413
90,league_NL1,0.3832265054190892
90,league_PO1,0.41072777016764717
90,league_RU1,-0.11287685453458081
90,league_TR1,0.05670420072257359
90,foot_Unknown,0.06880018275740653
90,foot_both,-0.1941224459053799
90,foot_left,-0.05331671380731605
90,foot_right,0.14481500500718375
91,goals_prev,0.164958356691579
91,assists_prev,-0.009424593832362875
91,minutes_prev,0.6993946378760222
91,goals_per90_prev,0.520583024457304
91,appearances_prev,-0.24659697808037426
91,age,0.04888955013113298
91,valuation_eur,0.3110908928303346
91,valuation_growth_12m,0.06710310987604964
91,club_mean_valuation_eur,0.3254240236646782
91,height_cm,0.15013971824949077
91,club_change_known_at_cutoff,0.02952583613063608
91,position_Attacking Midfield,-0.623526139876933
91,position_Centre-Forward,0.41720649357863343
91,position_Left Winger,0.13135402876684182
91,position_Right Winger,0.032477237360300705
91,position_Second Striker,0.0431955013161729
91,league_ES1,-0.17237532316929685
91,league_FR1,0.042842935371708316
91,league_GB1,-0.0328845138644958
91,league_IT1,0.0619275832451725
91,league_L1,-0.2380690747524819
91,league_NL1,0.3730442376822499
91,league_PO1,0.21266643403239976
91,league_RU1,-0.14405080163083614
91,league_TR1,-0.10239435576940388
91,foot_Unknown,0.02944528863652318
91,foot_both,-0.2311713586711039
91,foot_left,0.09990092316527512
91,foot_right,0.10253226801431696
92,goals_prev,0.06667214187016408
92,assists_prev,0.09211171804857868
92,minutes_prev,0.5932585500309314
92,goals_per90_prev,0.5072206504312309
92,appearances_prev,-0.16594435625801718
92,age,-0.07402778362481602
92,valuation_eur,0.3805233753256361
92,valuation_growth_12m,-0.014072996432386053
92,club_mean_valuation_eur,0.2616702117103592
92,height_cm,0.18502476595284584
92,club_change_known_at_cutoff,0.036658821391854814
92,position_Attacking Midfield,-0.45650445265496037
92,position_Centre-Forward,0.5862766509245733
92,position_Left Winger,-0.20498486150484163
92,position_Right Winger,0.008161489794875399
92,position_Second Striker,0.03712353078666887
92,league_ES1,-0.06748259853411631
92,league_FR1,0.26647458626527715
92,league_GB1,-0.4422648713677584
92,league_IT1,0.004697766796066982
92,league_L1,-0.39228932844546927
92,league_NL1,0.5421965615733778
92,league_PO1,0.2715584868129459
92,league_RU1,-0.2606786508407269
92,league_TR1,0.047860405086708566
92,foot_Unknown,1.285231610484611
92,foot_both,-0.2680134592576571
92,foot_left,-0.523607858724196
92,foot_right,-0.5235379351564473
93,goals_prev,0.27429104205298077
93,assists_prev,0.01536618529673614
93,minutes_prev,0.48268928334101313
93,goals_per90_prev,0.1696240320173679
93,appearances_prev,-0.08777908658961783
93,age,-0.10442449947551237
93,valuation_eur,0.24036304992309804
93,valuation_growth_12m,0.024514542458177923
93,club_mean_valuation_eur,0.46068016511786564
93,height_cm,0.11038807147358815
93,club_change_known_at_cutoff,0.03648267840735314
93,position_Attacking Midfield,-0.5857769186193315
93,position_Centre-Forward,0.6328276326128197
93,position_Left Winger,-0.2723751888524025
93,position_Right Winger,0.02297790745037497
93,position_Second Striker,0.12507824318713334
93,league_ES1,-0.2517814885788763
93,league_FR1,0.0386064034618417
93,league_GB1,-0.44112140203007477
93,league_IT1,0.19042325378960423
93,league_L1,-0.3928346289524737
93,league_NL1,0.7049095384195747
93,league_PO1,0.3278148746039276
93,league_RU1,-0.42870772317155115
93,league_TR1,0.1754228482366234
93,foot_Unknown,0.08736369078850481
93,foot_both,-0.03155753453697099
93,foot_left,-0.0935150676088691
93,foot_right,-0.03955941286407344
94,goals_prev,0.4184961815936181
94,assists_prev,0.05738171258644716
94,minutes_prev,0.3701988757076942
94,goals_per90_prev,0.25825697421371724
94,appearances_prev,-0.11475796848810153
94,age,-0.14176736217027128
94,valuation_eur,0.2254590710875623
94,valuation_growth_12m,0.07438791601412734
94,club_mean_valuation_eur,0.3620507882026145
94,height_cm,0.05983515326349288
94,club_change_known_at_cutoff,0.03836806669659417
94,position_Attacking Midfield,-0.6630517923473019
94,position_Centre-Forward,0.38589373721472287
94,position_Left Winger,-0.10199899934514743
94,position_Right Winger,-0.3278849564046833
94,position_Second Striker,-0.22939664383648603
94,league_ES1,-0.22345369041699198
94,league_FR1,0.26241605616091607
94,league_GB1,-0.07714065183688334
94,league_IT1,-0.25375492851471493
94,league_L1,-0.547287695463616
94,league_NL1,0.49377495144940653
94,league_PO1,0.06850777109406678
94,league_RU1,-0.7726133538678754
94,league_TR1,0.11311288667679073
94,foot_Unknown,0.6948281448532443
94,foot_both,-0.4792395759344476
94,foot_left,-0.6336519576081197
94,foot_right,-0.5183752660295896
95,goals_prev,0.5604932834818916
95,assists_prev,0.1270616747548522
95,minutes_prev,0.28051576187303356
95,goals_per90_prev,0.030577029910645502
95,appearances_prev,-0.2090808552180558
95,age,-0.016874469957453245
95,valuation_eur,0.22585838086244064
95,valuation_growth_12m,-0.04067621172369485
95,club_mean_valuation_eur,0.2775868772178678
95,height_cm,0.04930986254676812
95,club_change_known_at_cutoff,0.07190053079236643
95,position_Attacking Midfield,-0.47572610502105656
95,position_Centre-Forward,0.519231875370747
95,position_Left Winger,-0.135518448051129
95,position_Right Winger,-0.03413237194400613
95,position_Second Striker,0.139492305811269
95,league_ES1,-0.2543495939914253
95,league_FR1,0.08464068538626804
95,league_GB1,-0.2823306501361866
95,league_IT1,0.38512721245830084
95,league_L1,-0.2939488449532731
95,league_NL1,0.4176003865871658
95,league_PO1,0.2425878340369993
95,league_RU1,-0.2111667830643353
95,league_TR1,-0.07481299015769331
95,foot_Unknown,0.5149588164708948
95,foot_both,-0.3472973630135493
95,foot_left,-0.15639804303591612
95,foot_right,0.002083845744402523
96,goals_prev,0.44342561557158844
96,assists_prev,0.15020823316446233
96,minutes_prev,0.3779972047087246
96,goals_per90_prev,0.1923938400776096
96,appearances_prev,-0.1768641571543085
96,age,-0.037156496249740226
96,valuation_eur,0.14477200213433825
96,valuation_growth_12m,0.048561094823310794
96,club_mean_valuation_eur,0.32826746697376785
96,height_cm,0.10226472821320229
96,club_change_known_at_cutoff,0.11665482443113487
96,position_Attacking Midfield,-0.7861442416938207
96,position_Centre-Forward,0.49970688658650997
96,position_Left Winger,0.0331575093353595
96,position_Right Winger,-0.06421529402027082
96,position_Second Striker,0.2985757691018106
96,league_ES1,-0.08260855308704425
96,league_FR1,-0.002314396055414859
96,league_GB1,-0.031507048148054606
96,league_IT1,0.2604840548180537
96,league_L1,-0.20461044392590666
96,league_NL1,0.20939523113692082
96,league_PO1,0.14929485798131095
96,league_RU1,-0.21288835478388335
96,league_TR1,-0.10416471862639237
96,foot_Unknown,0.3722764421384363
96,foot_both,0.01450615395290599
96,foot_left,-0.30091512709152807
96,foot_right,-0.10478683969022433
97,goals_prev,0.5742944680196563
97,assists_prev,0.08329875291679312
97,minutes_prev,0.5003251406989181
97,goals_per90_prev,-0.023985668406942467
97,appearances_prev,-0.20963773685318735
97,age,-0.008094635247043593
97,valuation_eur,0.25665139213585775
97,valuation_growth_12m,0.05980827182273503
97,club_mean_valuation_eur,0.4244245466205466
97,height_cm,0.1402260651027902
97,club_change_known_at_cutoff,0.09643467551748763
97,position_Attacking Midfield,-0.5269392258172043
97,position_Centre-Forward,0.6550046853860942
97,position_Left Winger,-0.15422489509348583
97,position_Right Winger,-0.10724788852603244
97,position_Second Striker,0.13993556341933644
97,league_ES1,-0.28431450370645134
97,league_FR1,-0.10551647773373275
97,league_GB1,-0.3123279318051365
97,league_IT1,0.21737595331054746
97,league_L1,-0.32549632087551456
97,league_NL1,0.5209847078518317
97,league_PO1,0.4968598295232428
97,league_RU1,-0.22851222072618874
97,league_TR1,0.02747520353011516
97,foot_Unknown,1.3704470825040378
97,foot_both,-0.18868439709458285
97,foot_left,-0.8188814013370302
97,foot_right,-0.3563530447037283
98,goals_prev,0.6192168575243732
98,assists_prev,-0.027748364363763503
98,minutes_prev,0.17908824635029008
98,goals_per90_prev,0.017231331371396544
98,appearances_prev,-0.07554383914527217
98,age,-0.039683289034584034
98,valuation_eur,0.35132748126342345
98,valuation_growth_12m,-0.12337219916650735
98,club_mean_valuation_eur,0.37718809677855636
98,height_cm,-0.084304613181889
98,club_change_known_at_cutoff,0.06023866039693409
98,position_Attacking Midfield,-0.5993816219696755
98,position_Centre-Forward,0.612361807690422
98,position_Left Winger,-0.004305728468091281
98,position_Right Winger,-0.33741336365258773
98,position_Second Striker,0.3269107798079937
98,league_ES1,-0.5733848175164934
98,league_FR1,0.13629884622754204
98,league_GB1,-0.14394188953247938
98,league_IT1,0.043067513196775424
98,league_L1,-0.20354677144585254
98,league_NL1,0.4320477516363652
98,league_PO1,0.057982367907514924
98,league_RU1,-0.048482058462028306
98,league_TR1,0.2981309313967127
98,foot_Unknown,-0.3637533396990701
98,foot_both,0.18059880404208273
98,foot_left,0.03261718551519227
98,foot_right,0.14870922354985588
99,goals_prev,0.4354287552938136
99,assists_prev,0.05445013282863638
99,minutes_prev,0.4074695563697566
99,goals_per90_prev,0.25339966031543754
99,appearances_prev,-0.15355871022734974
99,age,-0.09014766977513844
99,valuation_eur,0.259798867065114
99,valuation_growth_12m,-0.0325011224445563
99,club_mean_valuation_eur,0.2521909496414793
99,height_cm,0.15374998815097082
99,club_change_known_at_cutoff,0.04480557963243904
99,position_Attacking Midfield,-0.681480908758224
99,position_Centre-Forward,0.5128501497195711
99,position_Left Winger,-0.17655591877631124
99,position_Right Winger,-0.1328514061491
99,position_Second Striker,0.4100502666557631
99,league_ES1,-0.18114115761372984
99,league_FR1,0.07146980980080594
99,league_GB1,-0.05230337147209284
99,league_IT1,0.009129080582195716
99,league_L1,-0.41291412937977867
99,league_NL1,0.43231382312070993
99,league_PO1,0.2520802099196535
99,league_RU1,-0.088831831143315
99,league_TR1,-0.09779025112274699
99,foot_Unknown,0.5717727726730264
99,foot_both,-0.10176854773434257
99,foot_left,-0.31866730666339166
99,foot_right,-0.21932473558359883
100,goals_prev,0.45398988017085307
100,assists_prev,0.07765778061521474
100,minutes_prev,0.4342550364270004
100,goals_per90_prev,0.23176887942156074
100,appearances_prev,-0.10308843706293341
100,age,-0.0933920512455127
100,valuation_eur,0.1264962309289079
100,valuation_growth_12m,0.02691640432367351
100,club_mean_valuation_eur,0.43474965712130104
100,height_cm,0.08950728243556795
100,club_change_known_at_cutoff,0.07352494741260404
100,position_Attacking Midfield,-0.6283282567806079
100,position_Centre-Forward,0.41660424275166497
100,position_Left Winger,-0.12679125507924707
100,position_Right Winger,-0.262116032702526
100,position_Second Striker,0.6233292696376909
100,league_ES1,0.07897739582752918
100,league_FR1,0.21206439741911806
100,league_GB1,-0.32577167419098163
100,league_IT1,0.11914787352023337
100,league_L1,-0.1522105991247165
100,league_NL1,0.5576870492532827
100,league_PO1,0.016829662054750442
100,league_RU1,-0.6176890979881716
100,league_TR1,0.13366296105592324
100,foot_Unknown,0.42892382916644367
100,foot_both,-0.09519427158548685
100,foot_left,-0.2723822586389246
100,foot_right,-0.038649331115052546
101,goals_prev,0.22914783249967835
101,assists_prev,0.0426177473365233
101,minutes_prev,0.5611010133350116
101,goals_per90_prev,0.32565547844875214
101,appearances_prev,-0.23592897322541645
101,age,-0.12931472603461827
101,valuation_eur,0.26304995039400964
101,valuation_growth_12m,0.03182521799443957
101,club_mean_valuation_eur,0.39220417659602214
101,height_cm,0.19056449194114475
101,club_change_known_at_cutoff,0.016517981720421678
101,position_Attacking Midfield,-0.5706835854927177
101,position_Centre-Forward,0.47472201203423736
101,position_Left Winger,0.004778254156156205
101,position_Right Winger,-0.12241639924509444
101,position_Second Striker,0.13843482111816355
101,league_ES1,-0.05172917806282133
101,league_FR1,0.22184877313963344
101,league_GB1,-0.22654411950068146
101,league_IT1,-0.1578012283095332
101,league_L1,-0.2668451192908886
101,league_NL1,0.48362344044366173
101,league_PO1,-0.10579618230199014
101,league_RU1,-0.0845899959294512
101,league_TR1,0.11266871238281072
101,foot_Unknown,-0.6569980046004361
101,foot_both,0.49628831997352707
101,foot_left,-0.123414354452186
101,foot_right,0.2089591416498382
102,goals_prev,0.04205409355266773
102,assists_prev,0.06514757931766187
102,minutes_prev,0.5220965672353111
102,goals_per90_prev,0.44903323477887724
102,appearances_prev,-0.17829650916981837
102,age,0.050384358103987614
102,valuation_eur,0.3038541999578241
102,valuation_growth_12m,0.06015086666566731
102,club_mean_valuation_eur,0.25097153993826143
102,height_cm,0.14259117064353702
102,club_change_known_at_cutoff,0.04521598236439713
102,position_Attacking Midfield,-0.5116432785647103
102,position_Centre-Forward,0.5390834726057268
102,position_Left Winger,0.08296588487425746
102,position_Right Winger,-0.19517638160666612
102,position_Second Striker,0.07842770061017498
102,league_ES1,-0.01225695577264417
102,league_FR1,0.16099072469236891
102,league_GB1,-0.18759722905259407
102,league_IT1,0.20802753379588593
102,league_L1,-0.3945088435114202
102,league_NL1,0.38162368868469604
102,league_PO1,-0.008879621281407575
102,league_RU1,-0.13953610130446983
102,league_TR1,-0.014205798331635617
102,foot_Unknown,-0.14756911946990964
102,foot_both,-0.10531545677007206
102,foot_left,0.064863621252925
102,foot_right,0.18167835290583131
103,goals_prev,0.22534282971860606
103,assists_prev,-0.006049246955526734
103,minutes_prev,0.46094653530693896
103,goals_per90_prev,0.3412435314907216
103,appearances_prev,-0.09481890701697412
103,age,-0.050153140039785216
103,valuation_eur,0.3485698175534487
103,valuation_growth_12m,-0.01820774711615152
103,club_mean_valuation_eur,0.169799196669259
103,height_cm,0.026048342025841085
103,club_change_known_at_cutoff,0.09126697959668913
103,position_Attacking Midfield,-0.778971163797465
103,position_Centre-Forward,0.5580362278438828
103,position_Left Winger,-0.16312738754889833
103,position_Right Winger,-0.18568521754390024
103,position_Second Striker,0.5438910458622237
103,league_ES1,-0.22793040156132394
103,league_FR1,-0.07144835694311481
103,league_GB1,-0.230442510671521
103,league_IT1,0.2321735786231921
103,league_L1,0.07179403014977617
103,league_NL1,0.6553498561283675
103,league_PO1,0.04142633845852653
103,league_RU1,-0.25222488005269206
103,league_TR1,-0.24455414931537695
103,foot_Unknown,0.5933901637277722
103,foot_both,-0.06483485127161784
103,foot_left,-0.30794847728459124
103,foot_right,-0.24646333035573556
104,goals_prev,0.5310952234952977
104,assists_prev,0.02977532451152035
104,minutes_prev,0.46946938307964386
104,goals_per90_prev,0.060233783458178834
104,appearances_prev,-0.4149580783768943
104,age,0.06353213059535441
104,valuation_eur,0.3480724387264702
104,valuation_growth_12m,0.014918757195195849
104,club_mean_valuation_eur,0.25943552269470355
104,height_cm,0.19085692132274654
104,club_change_known_at_cutoff,0.007415542552957887
104,position_Attacking Midfield,-0.3161303097590331
104,position_Centre-Forward,0.38838756511875877
104,position_Left Winger,-0.17166789067793764
104,position_Right Winger,-0.014502388004173564
104,position_Second Striker,0.0961762903099963
104,league_ES1,0.09675166744833094
104,league_FR1,0.07696334556531033
104,league_GB1,-0.11392282892204651
104,league_IT1,0.0259166091943763
104,league_L1,-0.863767265463929
104,league_NL1,0.4859335458714266
104,league_PO1,0.2499751443162594
104,league_RU1,-0.2731169709110971
104,league_TR1,0.29753001988899164
104,foot_Unknown,0.3785270480478704
104,foot_both,-0.5624828816056525
104,foot_left,-0.045108572332850684
104,foot_right,0.21132767287827406
105,goals_prev,0.7100757806729949
105,assists_prev,0.08836271498403775
105,minutes_prev,0.3307741942157174
105,goals_per90_prev,-0.018006166806251948
105,appearances_prev,-0.14358098230993185
105,age,-0.1325395896359734
105,valuation_eur,0.13186571997516275
105,valuation_growth_12m,-0.010381015121634075
105,club_mean_valuation_eur,0.4036224239734092
105,height_cm,0.1747593994949915
105,club_change_known_at_cutoff,0.0278633074847789
105,position_Attacking Midfield,-0.9601756239309405
105,position_Centre-Forward,0.5146335031175852
105,position_Left Winger,-0.11891702851535553
105,position_Right Winger,-0.18853231444301133
105,position_Second Striker,0.7391433951576013
105,league_ES1,-0.2347022178916904
105,league_FR1,0.34072792070623276
105,league_GB1,-0.3286694816195318
105,league_IT1,-0.03943563979120423
105,league_L1,-0.43889074508878567
105,league_NL1,0.5981278089753947
105,league_PO1,0.1692779110970432
105,league_RU1,-0.13782084320495386
105,league_TR1,0.057537218203366935
105,foot_Unknown,0.8189294967652798
105,foot_both,0.06718087578284762
105,foot_left,-0.4676167067993328
105,foot_right,-0.43234173436292456
106,goals_prev,0.4039036118541004
106,assists_prev,0.11382161924886153
106,minutes_prev,0.5068176998827395
106,goals_per90_prev,0.2170038379855127
106,appearances_prev,-0.24355062225954216
106,age,-0.03826324897116895
106,valuation_eur,0.3895967623658455
106,valuation_growth_12m,0.03869625213261766
106,club_mean_valuation_eur,0.22923518174890248
106,height_cm,0.07560871357840092
106,club_change_known_at_cutoff,0.06345456872842632
106,position_Attacking Midfield,-0.47401365011744934
106,position_Centre-Forward,0.6311002384871621
106,position_Left Winger,-0.15689500976715792
106,position_Right Winger,-0.4448286773426542
106,position_Second Striker,0.40201142690314096
106,league_ES1,0.0025211149763807107
106,league_FR1,0.026103765327410093
106,league_GB1,-0.3820026021820826
106,league_IT1,0.042713327609164284
106,league_L1,-0.5872759763964106
106,league_NL1,0.42875121865344523
106,league_PO1,0.39422745768393747
106,league_RU1,-0.13935636256009215
106,league_TR1,0.1716923850512906
106,foot_Unknown,0.45722607517258795
106,foot_both,-0.3369841619674137
106,foot_left,-0.17397867925681954
106,foot_right,0.011111094214677132
107,goals_prev,0.5170741966847887
107,assists_prev,0.025503668564372223
107,minutes_prev,0.5424207708386805
107,goals_per90_prev,0.06778620867459889
107,appearances_prev,-0.2964777538769467
107,age,-0.0077333784211939035
107,valuation_eur,0.387706340455215
107,valuation_growth_12m,0.05807742765830538
107,club_mean_valuation_eur,0.33924440417607604
107,height_cm,0.17766022393061223
107,club_change_known_at_cutoff,-0.013217593357889636
107,position_Attacking Midfield,-0.6733257169211648
107,position_Centre-Forward,0.5431886543645537
107,position_Left Winger,-0.1290923866747348
107,position_Right Winger,-0.051701314947017046
107,position_Second Striker,0.2535725825856905
107,league_ES1,-0.06408761475518607
107,league_FR1,0.2978507374449883
107,league_GB1,-0.4588318056594478
107,league_IT1,0.10075390588592344
107,league_L1,-0.4677993785868066
107,league_NL1,0.43075020652490503
107,league_PO1,0.08658109918523212
107,league_RU1,-0.16338964236844403
107,league_TR1,0.1808143107361723
107,foot_Unknown,0.16492006616826232
107,foot_both,0.2831084639593899
107,foot_left,-0.3421226758356389
107,foot_right,-0.1632640358846714
108,goals_prev,0.2950399652709877
108,assists_prev,0.044222758152796866
108,minutes_prev,0.5540392155231839
108,goals_per90_prev,0.20382821791423414
108,appearances_prev,-0.30871658774710004
108,age,-0.1251373747299136
108,valuation_eur,0.34003104250750693
108,valuation_growth_12m,-0.02829262598333359
108,club_mean_valuation_eur,0.24539347284981763
108,height_cm,0.09540250867539071
108,club_change_known_at_cutoff,0.0629327370940837
108,position_Attacking Midfield,-0.8571245747912213
108,position_Centre-Forward,0.7049117596018809
108,position_Left Winger,-0.022521235482945
108,position_Right Winger,-0.2409914027903303
108,position_Second Striker,0.3704082814783031
108,league_ES1,-0.0026501415790744403
108,league_FR1,0.16218529535866708
108,league_GB1,-0.32728571558582786
108,league_IT1,0.19962479722965526
108,league_L1,-0.33426267137290877
108,league_NL1,0.2868881161315894
108,league_PO1,0.2715017863187325
108,league_RU1,-0.25716279608844816
108,league_TR1,-0.044155842396682646
108,foot_Unknown,1.2460681215771534
108,foot_both,-0.795330456297737
108,foot_left,-0.198036009384668
108,foot_right,-0.29801882787903017
109,goals_prev,0.4088066393892293
109,assists_prev,-0.019117238153844043
109,minutes_prev,0.596561579010506
109,goals_per90_prev,0.22674281451593783
109,appearances_prev,-0.28519840239301336
109,age,-0.10918657741468002
109,valuation_eur,0.18450397870598373
109,valuation_growth_12m,-0.04180845718308378
109,club_mean_valuation_eur,0.4865753871035792
109,height_cm,0.10592307176624238
109,club_change_known_at_cutoff,0.018175409959322056
109,position_Attacking Midfield,-0.7700123276157811
109,position_Centre-Forward,0.3379843689544361
109,position_Left Winger,-0.283076779810991
109,position_Right Winger,-0.35324189028025343
109,position_Second Striker,0.15138975125607276
109,league_ES1,-0.43247632894769195
109,league_FR1,0.002611485751601875
109,league_GB1,-0.38021591213996125
109,league_IT1,0.11037305129559663
109,league_L1,-0.3128593020209884
109,league_NL1,0.2900510277455539
109,league_PO1,0.3042066702150724
109,league_RU1,-0.5982982683227064
109,league_TR1,0.09965069892700744
109,foot_Unknown,0.6389002052294206
109,foot_both,-0.4336345977552619
109,foot_left,-0.6070469374713491
109,foot_right,-0.5151755474993175
110,goals_prev,0.23666651295442845
110,assists_prev,-0.07783838482491678
110,minutes_prev,0.7790002052599327
110,goals_per90_prev,0.1787689250889777
110,appearances_prev,-0.3376341341937328
110,age,0.09043662843548005
110,valuation_eur,0.2479987876984389
110,valuation_growth_12m,0.017492355940118418
110,club_mean_valuation_eur,0.43681769868849984
110,height_cm,0.1371987186740445
110,club_change_known_at_cutoff,0.06684538488936227
110,position_Attacking Midfield,-0.49145618336486774
110,position_Centre-Forward,0.5218392589743089
110,position_Left Winger,-0.09271978730434657
110,position_Right Winger,0.061392993676790304
110,position_Second Striker,-0.1310187854604768
110,league_ES1,-0.056259300505764054
110,league_FR1,0.2864930624729114
110,league_GB1,-0.4583215158644967
110,league_IT1,0.07246297372993117
110,league_L1,-0.23595714838776263
110,league_NL1,0.6575629977317007
110,league_PO1,0.213580623516451
110,league_RU1,-0.44152296958825443
110,league_TR1,-0.17000122658330194
110,foot_Unknown,0.07984667681089382
110,foot_both,0.013857760242979661
110,foot_left,-0.1187472400887647
110,foot_right,-0.10691970044370953
111,goals_prev,0.39508774198738644
111,assists_prev,0.14376419785991587
111,minutes_prev,0.49296961565852027
111,goals_per90_prev,0.2844826053298843
111,appearances_prev,-0.3003031644397703
111,age,-0.024026487915203846
111,valuation_eur,0.18645494561126477
111,valuation_growth_12m,-0.06252587532755952
111,club_mean_valuation_eur,0.2939353894396577
111,height_cm,0.09144498771548928
111,club_change_known_at_cutoff,0.04628374407592335
111,position_Attacking Midfield,-0.6328586053777364
111,position_Centre-Forward,0.40298063277614316
111,position_Left Winger,-0.042760288850122403
111,position_Right Winger,0.0036984976014290435
111,position_Second Striker,0.19828611261147674
111,league_ES1,-0.14062265372045712
111,league_FR1,0.39498152465990216
111,league_GB1,-0.31321301331406864
111,league_IT1,-0.038496060038853856
111,league_L1,-0.3239807761586367
111,league_NL1,0.5017906898920722
111,league_PO1,0.1221369748954568
111,league_RU1,-0.3011856370057597
111,league_TR1,0.027935299551525346
111,foot_Unknown,0.1240823695408266
111,foot_both,-0.14575014973887154
111,foot_left,-0.15039824096900448
111,foot_right,0.10141236992823696
112,goals_prev,0.35459421794344814
112,assists_prev,-0.011517585266047216
112,minutes_prev,0.5029920022266927
112,goals_per90_prev,0.20006876317681735
112,appearances_prev,-0.17345741913262216
112,age,-0.007515983088087225
112,valuation_eur,0.2043823805526822
112,valuation_growth_12m,0.08961414237765647
112,club_mean_valuation_eur,0.38297379457070196
112,height_cm,0.09865933812981896
112,club_change_known_at_cutoff,0.10512055338087592
112,position_Attacking Midfield,-0.4283352908420108
112,position_Centre-Forward,0.5088437210331427
112,position_Left Winger,0.05941005807970616
112,position_Right Winger,-0.10755649356150121
112,position_Second Striker,-0.11314910539087908
112,league_ES1,-0.25109423374283024
112,league_FR1,0.1735229965752921
112,league_GB1,-0.18222696017519147
112,league_IT1,0.14075530379174378
112,league_L1,-0.6895858075743118
112,league_NL1,0.46422472525350567
112,league_PO1,0.3064209396685077
112,league_RU1,-0.3219580670147983
112,league_TR1,0.27915399253654544
112,foot_Unknown,0.4306634861466411
112,foot_both,0.10050775001289002
112,foot_left,-0.4068517058137569
112,foot_right,-0.20510664102733794
113,goals_prev,0.11875212441917163
113,assists_prev,0.008748684673709334
113,minutes_prev,0.5293099932767089
113,goals_per90_prev,0.4182825401509232
113,appearances_prev,-0.1636417185557687
113,age,3.8483990091479745e-06
113,valuation_eur,0.3515021690502383
113,valuation_growth_12m,0.0066439303395981085
113,club_mean_valuation_eur,0.33302569183849434
113,height_cm,0.10022140903449799
113,club_change_known_at_cutoff,0.044754033263344005
113,position_Attacking Midfield,-0.4823796140345343
113,position_Centre-Forward,0.40987645725489075
113,position_Left Winger,0.04355224909442682
113,position_Right Winger,-0.2605167616746077
113,position_Second Striker,0.2986074600989954
113,league_ES1,-0.38442231647594427
113,league_FR1,-0.001881177299947718
113,league_GB1,-0.2681449310880353
113,league_IT1,0.25249415582055107
113,league_L1,-0.4364218311729437
113,league_NL1,0.6090271664957869
113,league_PO1,0.422583794568123
113,league_RU1,-0.18118955371540033
113,league_TR1,-0.0029055163930236058
113,foot_Unknown,0.8068587699270582
113,foot_both,-0.3317295261613916
113,foot_left,-0.29637191502143373
113,foot_right,-0.1696175380050621
114,goals_prev,0.549614529266044
114,assists_prev,0.016546345049239877
114,minutes_prev,0.5913623014498329
114,goals_per90_prev,0.05701351329076369
114,appearances_prev,-0.3795747784418358
114,age,-0.0681120649715851
114,valuation_eur,0.3051613004141267
114,valuation_growth_12m,0.03234540568031437
114,club_mean_valuation_eur,0.41058456812930716
114,height_cm,0.20827633949770197
114,club_change_known_at_cutoff,-0.03855159398499622
114,position_Attacking Midfield,-0.7583221556206032
114,position_Centre-Forward,0.48713585847389085
114,position_Left Winger,0.16025876789202645
114,position_Right Winger,-0.09994941433645194
114,position_Second Striker,0.21987552878512068
114,league_ES1,0.014865082236488131
114,league_FR1,0.3137168010117718
114,league_GB1,-0.30854012131366165
114,league_IT1,-0.114519816486805
114,league_L1,-0.09825234610563548
114,league_NL1,0.5642218117405375
114,league_PO1,-0.08863817280418529
114,league_RU1,-0.28555339142890324
114,league_TR1,0.011698738344366098
114,foot_Unknown,0.39984185582300724
114,foot_both,0.23944822690378287
114,foot_left,-0.37576533880159285
114,foot_right,-0.25452615873122997
115,goals_prev,0.6023869372383304
115,assists_prev,0.030196805531996253
115,minutes_prev,0.34031928966585123
115,goals_per90_prev,-0.090475387940168
115,appearances_prev,-0.32830934439728776
115,age,-0.012430780535913911
115,valuation_eur,0.4831275893681453
115,valuation_growth_12m,-0.01791362937424385
115,club_mean_valuation_eur,0.20726207790329473
115,height_cm,0.10570881154051023
115,club_change_known_at_cutoff,-0.016343184311087725
115,position_Attacking Midfield,-0.5524679801519805
115,position_Centre-Forward,0.642195091474051
115,position_Left Winger,0.1861719881769715
115,position_Right Winger,-0.10009202056095803
115,position_Second Striker,-0.16453536995765086
115,league_ES1,0.12151084046601475
115,league_FR1,0.30347022972214766
115,league_GB1,-0.45098732662343444
115,league_IT1,0.23941920881043396
115,league_L1,-0.3199939838004159
115,league_NL1,0.587396119241424
115,league_PO1,-0.12707539971802453
115,league_RU1,-0.10091737759785939
115,league_TR1,-0.24155060151984925
115,foot_Unknown,-0.12063970615571194
115,foot_both,0.03467117829495837
115,foot_left,0.046065611890899985
115,foot_right,0.05117462495027143
116,goals_prev,0.22030960827884133
116,assists_prev,0.10021685258869359
116,minutes_prev,0.5209951061721836
116,goals_per90_prev,0.2965129749713035
116,appearances_prev,-0.26028544971488304
116,age,0.029300994396452545
116,valuation_eur,0.5537593345720343
116,valuation_growth_12m,0.1591784120046239
116,club_mean_valuation_eur,0.1374008221274539
116,height_cm,0.16533218228327878
116,club_change_known_at_cutoff,0.05309883202102376
116,position_Attacking Midfield,-0.5245101659001818
116,position_Centre-Forward,0.4533631658746691
116,position_Left Winger,-0.05517220436827162
116,position_Right Winger,-0.24100814574929935
116,position_Second Striker,0.3109475385159336
116,league_ES1,0.12507872999233638
116,league_FR1,0.01052963340990101
116,league_GB1,-0.3192746644278914
116,league_IT1,0.05329990500073068
116,league_L1,-0.18023352247616978
116,league_NL1,0.5440439634400879
116,league_PO1,0.09329036862508475
116,league_RU1,-0.3832272243198867
116,league_TR1,0.0001129991286630491
116,foot_Unknown,0.6691750380403645
116,foot_both,-0.21098840833249233
116,foot_left,-0.42450563016623516
116,foot_right,-0.09006081116881316
117,goals_prev,0.6699929081391951
117,assists_prev,-0.007814535574565197
117,minutes_prev,0.35234536677528844
117,goals_per90_prev,0.032601510049758343
117,appearances_prev,-0.24250205520569715
117,age,0.09060442898659139
117,valuation_eur,0.549755057548888
117,valuation_growth_12m,0.009839267310325568
117,club_mean_valuation_eur,0.22799601519842588
117,height_cm,0.12765504942889483
117,club_change_known_at_cutoff,0.03523749027037308
117,position_Attacking Midfield,-0.5179817788119219
117,position_Centre-Forward,0.1796644592654367
117,position_Left Winger,-0.16994191464696556
117,position_Right Winger,-0.17849590438377297
117,position_Second Striker,-0.16523402130794695
117,league_ES1,-0.20437442910516002
117,league_FR1,0.3575207181464462
117,league_GB1,-0.5085245494764201
117,league_IT1,-0.05670248110146678
117,league_L1,-0.4905737120686053
117,league_NL1,0.28037727421346975
117,league_PO1,0.24018347432443443
117,league_RU1,-0.3841375100446779
117,league_TR1,-0.08575794477319093
117,foot_Unknown,0.8911493790075196
117,foot_both,-0.3352185580249124
117,foot_left,-0.8520456972591424
117,foot_right,-0.5558742836086333
118,goals_prev,0.25747494923712116
118,assists_prev,0.09284594865179677
118,minutes_prev,0.5025848329236317
118,goals_per90_prev,0.3639121787281251
118,appearances_prev,-0.1288235049527644
118,age,-0.08637723779808086
118,valuation_eur,0.23228062427289592
118,valuation_growth_12m,-0.11063862324580089
118,club_mean_valuation_eur,0.3786112165370887
118,height_cm,0.09158805681123115
118,club_change_known_at_cutoff,-0.004298998821942203
118,position_Attacking Midfield,-0.5762924699474177
118,position_Centre-Forward,0.5755213809607274
118,position_Left Winger,0.05774270359365741
118,position_Right Winger,-0.4279413938855788
118,position_Second Striker,0.2865860267717509
118,league_ES1,-0.15970088902956675
118,league_FR1,-0.1226145608598514
118,league_GB1,-0.34955965363316366
118,league_IT1,0.2931304289758023
118,league_L1,-0.292580772848729
118,league_NL1,0.5166256015489956
118,league_PO1,0.012579563956934102
118,league_RU1,-0.27491742703929234
118,league_TR1,0.29265395642201064
118,foot_Unknown,0.1428940373959803
118,foot_both,0.042012147193227656
118,foot_left,-0.19680894714373173
118,foot_right,-0.07248098995235774
119,goals_prev,0.6592263768980176
119,assists_prev,0.08462759498518639
119,minutes_prev,0.2349566051848268
119,goals_per90_prev,-0.031910008286328395
119,appearances_prev,-0.118855255994599
119,age,-0.027095417745702746
119,valuation_eur,0.26064972342157383
119,valuation_growth_12m,0.0010731705270109846
119,club_mean_valuation_eur,0.30050536830390834
119,height_cm,0.00898786201754557
119,club_change_known_at_cutoff,0.07338998383215237
119,position_Attacking Midfield,-0.6138229212874607
119,position_Centre-Forward,0.5375541347487167
119,position_Left Winger,-0.02175647891005615
119,position_Right Winger,-0.08493179899736236
119,position_Second Striker,-0.006054866411992413
119,league_ES1,-0.08441975395319486
119,league_FR1,-0.00968818479378787
119,league_GB1,-0.1957510385898551
119,league_IT1,0.17174185654437707
119,league_L1,-0.2367712694113088
119,league_NL1,0.23769844616010927
119,league_PO1,-0.0028684373227968376
119,league_RU1,-0.08783068391163451
119,league_TR1,0.01887713441994965
119,foot_Unknown,-0.0491381147613969
119,foot_both,-0.13873996086767917
119,foot_left,-0.03840840126403257
119,foot_right,0.03727454603495846
120,goals_prev,0.19622445744192465
120,assists_prev,-0.05328492775016944
120,minutes_prev,0.7329012998038164
120,goals_per90_prev,0.3412165420158434
120,appearances_prev,-0.2625381493899734
120,age,-0.1436283990791056
120,valuation_eur,0.11882561057491103
120,valuation_growth_12m,0.013077123129317234
120,club_mean_valuation_eur,0.5255320686654021
120,height_cm,0.14965972503198077
120,club_change_known_at_cutoff,0.007579094410695169
120,position_Attacking Midfield,-0.5972359749616876
120,position_Centre-Forward,0.453556644946574
120,position_Left Winger,-0.03550235327703975
120,position_Right Winger,-0.03506232778154964
120,position_Second Striker,0.22743276611742314
120,league_ES1,-0.34178597005529165
120,league_FR1,0.15426151504264918
120,league_GB1,-0.21810981171038077
120,league_IT1,-0.14436458085881207
120,league_L1,-0.4311371094926302
120,league_NL1,0.5719065003364994
120,league_PO1,0.38444857538341726
120,league_RU1,-0.20486237985737354
120,league_TR1,0.24283201625564382
120,foot_Unknown,0.5915887898916202
120,foot_both,-0.06626664492997703
120,foot_left,-0.28331775625253125
120,foot_right,-0.22881563366538482
121,goals_prev,0.6249700676403837
121,assists_prev,0.01747506811517402
121,minutes_prev,0.5024204258576123
121,goals_per90_prev,0.011079655142493212
121,appearances_prev,-0.4300854598922053
121,age,-0.12157597340707774
121,valuation_eur,0.11730960870106677
121,valuation_growth_12m,0.051272425622238486
121,club_mean_valuation_eur,0.4600796659349464
121,height_cm,0.14114204185151577
121,club_change_known_at_cutoff,0.06991489693786868
121,position_Attacking Midfield,-0.6516458832529536
121,position_Centre-Forward,0.5253627516913029
121,position_Left Winger,0.0909789869478006
121,position_Right Winger,-0.11222196931671209
121,position_Second Striker,0.1027468601692967
121,league_ES1,-0.21536230464575867
121,league_FR1,0.13056124582313897
121,league_GB1,-0.039927993532632176
121,league_IT1,0.12511106641407513
121,league_L1,-0.2739915450242262
121,league_NL1,0.2721668174895021
121,league_PO1,0.29776532779954074
121,league_RU1,-0.292504623797605
121,league_TR1,-0.048597244287300494
121,foot_Unknown,0.6694800117613522
121,foot_both,-0.5559730292142213
121,foot_left,-0.16932246003846108
121,foot_right,0.011036223730066361
122,goals_prev,0.5147197724107533
122,assists_prev,0.1325573514094829
122,minutes_prev,0.43930497477079694
122,goals_per90_prev,0.07477390502985024
122,appearances_prev,-0.28834121877355456
122,age,0.04625473438594412
122,valuation_eur,0.29973884348492047
122,valuation_growth_12m,0.12481402908467161
122,club_mean_valuation_eur,0.3359343251084606
122,height_cm,0.19248470911781862
122,club_change_known_at_cutoff,0.12768551765253078
122,position_Attacking Midfield,-0.5127648515708413
122,position_Centre-Forward,0.5147952475495108
122,position_Left Winger,0.03507351346570629
122,position_Right Winger,-0.21123927681126659
122,position_Second Striker,0.1346527265733576
122,league_ES1,-0.02692103859739569
122,league_FR1,0.07392716446379795
122,league_GB1,-0.31823270744029336
122,league_IT1,0.031099851781002493
122,league_L1,-0.5058513489577223
122,league_NL1,0.4624272597763245
122,league_PO1,0.3932545128804311
122,league_RU1,-0.2400079503413185
122,league_TR1,0.09082161564164291
122,foot_Unknown,1.325624353941209
122,foot_both,-0.6711433857680416
122,foot_left,-0.40312310812813545
122,foot_right,-0.29084050083858676
123,goals_prev,0.7202230565236996
123,assists_prev,0.16922735848326356
123,minutes_prev,0.11901761523941164
123,goals_per90_prev,-0.01116455051039413
123,appearances_prev,-0.006166886834815242
123,age,-0.03080923617859542
123,valuation_eur,0.2976995563778239
123,valuation_growth_12m,-0.006955431314843076
123,club_mean_valuation_eur,0.22168206799817464
123,height_cm,0.1004334655863157
123,club_change_known_at_cutoff,0.06932809070119034
123,position_Attacking Midfield,-0.5283211673207637
123,position_Centre-Forward,0.5850557757782036
123,position_Left Winger,0.008089181134243568
123,position_Right Winger,-0.04417878814525064
123,position_Second Striker,-0.038284962741066464
123,league_ES1,-0.392615990919891
123,league_FR1,0.006112555460844195
123,league_GB1,0.04799297122203729
123,league_IT1,0.1674297399351033
123,league_L1,-0.18787468335391047
123,league_NL1,0.32913855475406506
123,league_PO1,0.2710235204875298
123,league_RU1,-0.2978753200740893
123,league_TR1,0.039028691193691054
123,foot_Unknown,0.5334975593523097
123,foot_both,-0.04487830902304063
123,foot_left,-0.3537479934567914
123,foot_right,-0.152511218167104
124,goals_prev,0.38212476523277017
124,assists_prev,0.11349413801887043
124,minutes_prev,0.4597605999884966
124,goals_per90_prev,0.27724390004711935
124,appearances_prev,-0.24444419484962682
124,age,-0.059694806515176765
124,valuation_eur,0.42964711586116255
124,valuation_growth_12m,0.038409951281113366
124,club_mean_valuation_eur,0.2424499950140947
124,height_cm,0.18153157773676387
124,club_change_known_at_cutoff,0.058185468561570204
124,position_Attacking Midfield,-0.8075698583735978
124,position_Centre-Forward,0.24229063713736962
124,position_Left Winger,-0.1368047660012909
124,position_Right Winger,-0.2684763722061628
124,position_Second Striker,-0.002851043199564288
124,league_ES1,-0.05240728629012422
124,league_FR1,0.09506393673369411
124,league_GB1,-0.29613063679873763
124,league_IT1,-0.01268674427463782
124,league_L1,-0.6547988267738711
124,league_NL1,0.2941619368764349
124,league_PO1,-0.001175085376322139
124,league_RU1,-0.3203090295116135
124,league_TR1,-0.02512966722806802
124,foot_Unknown,0.8228147614493583
124,foot_both,-0.20856795519314286
124,foot_left,-0.9626206219588059
124,foot_right,-0.6250375869406565
125,goals_prev,0.5876022126409748
125,assists_prev,0.04461755468037675
125,minutes_prev,0.3553443356169775
125,goals_per90_prev,0.19437780313255054
125,appearances_prev,-0.15755639503956098
125,age,-0.20564351161865824
125,valuation_eur,0.2740923850873142
125,valuation_growth_12m,-0.038776384943812865
125,club_mean_valuation_eur,0.2851011047911214
125,height_cm,0.05822171359349781
125,club_change_known_at_cutoff,0.13480834958724922
125,position_Attacking Midfield,-0.7641089695026264
125,position_Centre-Forward,0.478772897553663
125,position_Left Winger,-0.03390414084917566
125,position_Right Winger,-0.4318059496520415
125,position_Second Striker,-0.06457109524190441
125,league_ES1,-0.2009525313756052
125,league_FR1,0.23817231290187524
125,league_GB1,-0.3696052406921622
125,league_IT1,0.1569846841643677
125,league_L1,-0.13843233122270246
125,league_NL1,0.1747129444214713
125,league_PO1,-0.0906706627815731
125,league_RU1,-0.6496439849022467
125,league_TR1,0.06381755179449085
125,foot_Unknown,1.0033380088422155
125,foot_both,-0.38692340758396243
125,foot_left,-0.8093934396195608
125,foot_right,-0.6226384193307799
126,goals_prev,0.7619019741378641
126,assists_prev,0.010539939392220936
126,minutes_prev,0.34454282382408646
126,goals_per90_prev,-0.04439420957379377
126,appearances_prev,-0.2356936517816453
126,age,-0.04079997188823854
126,valuation_eur,0.1836466870061477
126,valuation_growth_12m,0.07673849003279871
126,club_mean_valuation_eur,0.33429674247380686
126,height_cm,0.23181452060253446
126,club_change_known_at_cutoff,0.06784429491443691
126,position_Attacking Midfield,-0.45640079055204313
126,position_Centre-Forward,0.2073154368321586
126,position_Left Winger,-0.04683777541702758
126,position_Right Winger,0.0216182839992687
126,position_Second Striker,0.23752045850546363
126,league_ES1,-0.20211289367487087
126,league_FR1,0.06560633736207147
126,league_GB1,-0.13177809293202974
126,league_IT1,0.32406669096311297
126,league_L1,-0.3224083881461534
126,league_NL1,0.34215142651465585
126,league_PO1,0.13348172266463323
126,league_RU1,-0.27176817820769916
126,league_TR1,0.025976988824100686
126,foot_Unknown,0.5494397771863989
126,foot_both,-0.0416774022922443
126,foot_left,-0.4664752842549595
126,foot_right,-0.078071477271369
127,goals_prev,0.3408457445610828
127,assists_prev,0.06043249802788981
127,minutes_prev,0.4515257263543402
127,goals_per90_prev,0.24269358055975512
127,appearances_prev,-0.17332311027388794
127,age,0.014952426800407714
127,valuation_eur,0.23703662659307465
127,valuation_growth_12m,0.07108067325638129
127,club_mean_valuation_eur,0.420069437056441
127,height_cm,0.15443335821166818
127,club_change_known_at_cutoff,0.14365228991571696
127,position_Attacking Midfield,-0.4322754504678996
127,position_Centre-Forward,0.4547654687987952
127,position_Left Winger,-0.13266041826278124
127,position_Right Winger,-0.19556890489078907
127,position_Second Striker,0.30316292920853055
127,league_ES1,-0.2541639488453589
127,league_FR1,0.3246498279468495
127,league_GB1,-0.3198706037611023
127,league_IT1,0.05828245999097462
127,league_L1,-0.518602633510524
127,league_NL1,0.4548861386056722
127,league_PO1,0.24089417635962382
127,league_RU1,-0.35155673868526893
127,league_TR1,0.3629049462850093
127,foot_Unknown,1.1571935247009688
127,foot_both,-0.09483248567131589
127,foot_left,-0.755193897244084
127,foot_right,-0.30974351739970074
128,goals_prev,0.1789271769464833
128,assists_prev,0.0218482353128115
128,minutes_prev,0.35217440551374685
128,goals_per90_prev,0.44305654225378827
128,appearances_prev,0.007015624923888515
128,age,0.010266152387991105
128,valuation_eur,0.381223385860265
128,valuation_growth_12m,0.03429642268420661
128,club_mean_valuation_eur,0.24001439985182552
128,height_cm,0.03368687022592718
128,club_change_known_at_cutoff,0.06920953311220636
128,position_Attacking Midfield,-0.7826006053788316
128,position_Centre-Forward,0.31552241804111125
128,position_Left Winger,-0.07065653136803879
128,position_Right Winger,-0.41023044751277965
128,position_Second Striker,0.24512691673287623
128,league_ES1,-0.3992458350444096
128,league_FR1,0.12710367038049722
128,league_GB1,-0.542257138724894
128,league_IT1,-0.09890699235859224
128,league_L1,-0.37093210946110716
128,league_NL1,0.6370580149501986
128,league_PO1,0.04069109692088158
128,league_RU1,-0.0699187018149259
128,league_TR1,-0.026430254333313426
128,foot_Unknown,-0.8545395538792403
128,foot_both,0.47788663208100735
128,foot_left,-0.2670087242591535
128,foot_right,-0.05917660342828075
129,goals_prev,0.1426153495683623
129,assists_prev,0.0474291291196783
129,minutes_prev,0.7480974470347608
129,goals_per90_prev,0.36376214146913166
129,appearances_prev,-0.2540662766565077
129,age,-0.12105705847284388
129,valuation_eur,-0.057373393847684286
129,valuation_growth_12m,0.05986802290661094
129,club_mean_valuation_eur,0.6027643842006741
129,height_cm,0.16383517422621954
129,club_change_known_at_cutoff,0.09463191467747409
129,position_Attacking Midfield,-0.6562303254018925
129,position_Centre-Forward,0.5834440951612293
129,position_Left Winger,-0.11888532081003428
129,position_Right Winger,-0.17701499264422285
129,position_Second Striker,0.2984067288789247
129,league_ES1,-0.08496551378542974
129,league_FR1,-0.015585287006151766
129,league_GB1,-0.008590088231896545
129,league_IT1,0.18769081793246067
129,league_L1,-0.38837399529920924
129,league_NL1,0.46494177548300164
129,league_PO1,-0.16991859603769519
129,league_RU1,-0.09030844751979213
129,league_TR1,0.03482951964872952
129,foot_Unknown,0.444926875487713
129,foot_both,-0.10191382853272432
129,foot_left,-0.4466137013463827
129,foot_right,0.033320839575399164
130,goals_prev,0.25896665550859077
130,assists_prev,-0.014911378701599252
130,minutes_prev,0.5436313723944707
130,goals_per90_prev,0.42540291006125647
130,appearances_prev,-0.16229153224316725
130,age,-0.0015222919802062496
130,valuation_eur,0.49308089084513407
130,valuation_growth_12m,-0.04941276738189574
130,club_mean_valuation_eur,0.18493293570425373
130,height_cm,0.20777037737984866
130,club_change_known_at_cutoff,0.09895121211251962
130,position_Attacking Midfield,-0.6357639653929276
130,position_Centre-Forward,0.5159035728870077
130,position_Left Winger,-0.025663826010124895
130,position_Right Winger,-0.12460695247429666
130,position_Second Striker,0.17591577949466014
130,league_ES1,-0.16122487067364627
130,league_FR1,0.25868425395593053
130,league_GB1,-0.4673333123140636
130,league_IT1,0.036970558006942725
130,league_L1,-0.38851003289174907
130,league_NL1,0.8176920692240048
130,league_PO1,0.166916347672239
130,league_RU1,-0.3160839784629031
130,league_TR1,-0.04132642601243869
130,foot_Unknown,0.10747337148085598
130,foot_both,0.24539539099503294
130,foot_left,-0.27595953858546934
130,foot_right,-0.17112461538612384
131,goals_prev,0.5002950853061693
131,assists_prev,-0.09664692695656452
131,minutes_prev,0.5404510036487129
131,goals_per90_prev,0.13137082664972255
131,appearances_prev,-0.2778602577164171
131,age,-0.03335800397515674
131,valuation_eur,0.30757609082248627
131,valuation_growth_12m,0.06317510107994052
131,club_mean_valuation_eur,0.4550908796565567
131,height_cm,0.04858420588890423
131,club_change_known_at_cutoff,0.08289088773621246
131,position_Attacking Midfield,-0.4985658784342304
131,position_Centre-Forward,0.4230587726253392
131,position_Left Winger,-0.03626407950012321
131,position_Right Winger,-0.19467576650907795
131,position_Second Striker,0.3115492259356243
131,league_ES1,-0.36675474553411647
131,league_FR1,0.02339817094506103
131,league_GB1,-0.34418768898672575
131,league_IT1,0.024536196909927126
131,league_L1,-0.3816585422552781
131,league_NL1,0.5467047917529649
131,league_PO1,0.38992550006519333
131,league_RU1,0.11377469534684823
131,league_TR1,-0.0006361041263520674
131,foot_Unknown,0.7659877272164214
131,foot_both,-0.10526151579074602
131,foot_left,-0.39006587679516713
131,foot_right,-0.2655580605129639
132,goals_prev,0.32749424511379893
132,assists_prev,0.03911629636460047
132,minutes_prev,0.617090472311576
132,goals_per90_prev,0.2323614896023209
132,appearances_prev,-0.416011671571713
132,age,0.026139751907338003
132,valuation_eur,0.309256715776797
132,valuation_growth_12m,0.025130995883487512
132,club_mean_valuation_eur,0.31440006619718947
132,height_cm,-0.03436269880632151
132,club_change_known_at_cutoff,0.07567111228819222
132,position_Attacking Midfield,-0.7315306326085973
132,position_Centre-Forward,0.581724945128885
132,position_Left Winger,-0.014249729956869732
132,position_Right Winger,-0.0011248912447100819
132,position_Second Striker,0.18232197640301845
132,league_ES1,-0.20687680372571732
132,league_FR1,0.14544330507184916
132,league_GB1,-0.21118277558949022
132,league_IT1,0.21894617790495402
132,league_L1,-0.18415433282379678
132,league_NL1,0.5827971191998815
132,league_PO1,-0.05599463680665993
132,league_RU1,-0.32084074468652174
132,league_TR1,0.04900435917722042
132,foot_Unknown,0.7728131008106689
132,foot_both,-0.22101943834098173
132,foot_left,-0.33566187087614613
132,foot_right,-0.1989901238718134
133,goals_prev,0.33999730946617546
133,assists_prev,0.13586143496461758
133,minutes_prev,0.43644791816180867
133,goals_per90_prev,0.23162032797472068
133,appearances_prev,-0.1778565148515935
133,age,0.03597372290698894
133,valuation_eur,0.2983780804577719
133,valuation_growth_12m,0.010026600595081087
133,club_mean_valuation_eur,0.19815230429863465
133,height_cm,0.14638149809771123
133,club_change_known_at_cutoff,0.11058005628768593
133,position_Attacking Midfield,-0.666335603889069
133,position_Centre-Forward,0.5782572921413968
133,position_Left Winger,0.022850382159897323
133,position_Right Winger,-0.30216230763183916
133,position_Second Striker,0.33088470839264145
133,league_ES1,0.14152909006168726
133,league_FR1,0.2659728393176263
133,league_GB1,-0.35987730455872535
133,league_IT1,0.32536236853309286
133,league_L1,-0.31785149241974064
133,league_NL1,0.3673852748750614
133,league_PO1,0.16386808746998982
133,league_RU1,-0.5178569772970061
133,league_TR1,-0.10503741480893826
133,foot_Unknown,-0.21124166981314738
133,foot_both,-0.007149146145633499
133,foot_left,0.041598996422402494
133,foot_right,0.14028629070938353
134,goals_prev,0.2548711592781573
134,assists_prev,0.048463478324260324
134,minutes_prev,0.47078599893567735
134,goals_per90_prev,0.24739687061872997
134,appearances_prev,-0.25616776115940093
134,age,-0.037697685333478344
134,valuation_eur,0.2258100959399249
134,valuation_growth_12m,0.11538040794006932
134,club_mean_valuation_eur,0.4504102575656998
134,height_cm,0.057124179247319995
134,club_change_known_at_cutoff,-0.04313385914477442
134,position_Attacking Midfield,-0.7324009242561192
134,position_Centre-Forward,0.6100678455612644
134,position_Left Winger,0.04650516466481163
134,position_Right Winger,-0.01159246092887438
134,position_Second Striker,0.08094614618191986
134,league_ES1,-0.20282802680464557
134,league_FR1,-0.04867799708299291
134,league_GB1,-0.17725989483444796
134,league_IT1,0.15358922670310635
134,league_L1,-0.5122168200488578
134,league_NL1,0.6758128248188598
134,league_PO1,0.3812101817159563
134,league_RU1,-0.13874217941559847
134,league_TR1,-0.13736154382836457
134,foot_Unknown,0.7507806892626314
134,foot_both,-0.11349214666220296
134,foot_left,-0.4340867305563494
134,foot_right,-0.2096760408210464
135,goals_prev,0.33212250825646367
135,assists_prev,0.10825941351755389
135,minutes_prev,0.4316036626199527
135,goals_per90_prev,0.3593287345400554
135,appearances_prev,-0.08139600479044923
135,age,-0.08204757102721177
135,valuation_eur,0.05829350306610194
135,valuation_growth_12m,0.04578634583419721
135,club_mean_valuation_eur,0.444936768730396
135,height_cm,0.061901434939121626
135,club_change_known_at_cutoff,0.1284963256958514
135,position_Attacking Midfield,-0.4627766452423379
135,position_Centre-Forward,0.6061390482702144
135,position_Left Winger,-0.17459698215219072
135,position_Right Winger,-0.15130904088245667
135,position_Second Striker,0.05587399456233798
135,league_ES1,-0.20035089619141863
135,league_FR1,0.1916912824600286
135,league_GB1,-0.13638464057903235
135,league_IT1,0.06136269275908298
135,league_L1,-0.6746872773718514
135,league_NL1,0.5667267012915929
135,league_PO1,0.19075935724873747
135,league_RU1,-0.19645377128204206
135,league_TR1,0.07066692622046754
135,foot_Unknown,0.40168833618707006
135,foot_both,-0.5829731567166357
135,foot_left,-0.07231487827776265
135,foot_right,0.12693007336289747
136,goals_prev,0.3012062368147364
136,assists_prev,0.025566928708088726
136,minutes_prev,0.5457268622649665
136,goals_per90_prev,0.2832785331753475
136,appearances_prev,-0.2421858546721174
136,age,0.027528382632440045
136,valuation_eur,0.35672629811346107
136,valuation_growth_12m,-0.004876453195487327
136,club_mean_valuation_eur,0.268401734985392
136,height_cm,0.2768540845543004
136,club_change_known_at_cutoff,0.07212817974949404
136,position_Attacking Midfield,-0.6670591119343843
136,position_Centre-Forward,0.4230452903940246
136,position_Left Winger,0.14811066389565747
136,position_Right Winger,-0.028834775731941358
136,position_Second Striker,0.0748142271567686
136,league_ES1,-0.07560563648907376
136,league_FR1,0.3112073923182826
136,league_GB1,-0.20616519375307876
136,league_IT1,-0.044933958218191024
136,league_L1,-0.1756068264854618
136,league_NL1,0.36398298805685764
136,league_PO1,0.06396533318275836
136,league_RU1,-0.4113493824309755
136,league_TR1,0.12458157759900149
136,foot_Unknown,0.4394012232507335
136,foot_both,-0.08385320734102483
136,foot_left,-0.32691287879147923
136,foot_right,-0.07855884333812756
137,goals_prev,0.41461600313787206
137,assists_prev,-0.021822020040722794
137,minutes_prev,0.5659052240531582
137,goals_per90_prev,0.12043453058747336
137,appearances_prev,-0.32073943156759044
137,age,-0.021216286579551817
137,valuation_eur,0.1371731141123864
137,valuation_growth_12m,0.04351215193270701
137,club_mean_valuation_eur,0.5781927335885862
137,height_cm,0.08118414343244273
137,club_change_known_at_cutoff,0.06212625054905751
137,position_Attacking Midfield,-0.5404181305223758
137,position_Centre-Forward,0.5821871568616095
137,position_Left Winger,0.05015959154706114
137,position_Right Winger,-0.4473409788964763
137,position_Second Striker,0.3219522318757284
137,league_ES1,-0.18142676389450105
137,league_FR1,0.3172361653851831
137,league_GB1,-0.27482208892523063
137,league_IT1,-0.06423943858668546
137,league_L1,-0.6068470097899112
137,league_NL1,0.6453857236339448
137,league_PO1,0.27716878274504264
137,league_RU1,-0.32344884832522264
137,league_TR1,0.17753334862294412
137,foot_Unknown,0.8666554680956831
137,foot_both,-0.1938494523024763
137,foot_left,-0.4111102896632142
137,foot_right,-0.29515585526442695
138,goals_prev,0.7178298016760154
138,assists_prev,-0.003255493176619808
138,minutes_prev,0.5721273183916616
138,goals_per90_prev,-0.04430624935782767
138,appearances_prev,-0.34185953161956184
138,age,-0.023881834151381273
138,valuation_eur,0.17908801716039738
138,valuation_growth_12m,0.0014409383441866476
138,club_mean_valuation_eur,0.46317709260235335
138,height_cm,0.09217138819596708
138,club_change_known_at_cutoff,0.014532237218762824
138,position_Attacking Midfield,-0.5010710289014596
138,position_Centre-Forward,0.624298443162119
138,position_Left Winger,0.13973173123247032
138,position_Right Winger,-0.15441282008740395
138,position_Second Striker,-0.12388591019138392
138,league_ES1,-0.11378934800512884
138,league_FR1,0.3092132156740395
138,league_GB1,-0.3885486502207201
138,league_IT1,0.06945838520877394
138,league_L1,-0.39460771128617333
138,league_NL1,0.5756254150496046
138,league_PO1,0.15421323626216404
138,league_RU1,-0.29196023221033135
138,league_TR1,0.06505610474210495
138,foot_Unknown,0.3836111884638595
138,foot_both,0.0011344434002443157
138,foot_left,-0.1925778215675085
138,foot_right,-0.20750739508225147
139,goals_prev,0.5422231727629875
139,assists_prev,0.04377611649066061
139,minutes_prev,0.5415038623556635
139,goals_per90_prev,0.14196978826253243
139,appearances_prev,-0.33953007679604913
139,age,-0.18598479174980667
139,valuation_eur,0.0941289892706442
139,valuation_growth_12m,-0.05741119318504054
139,club_mean_valuation_eur,0.5496213365760151
139,height_cm,0.06088235880682432
139,club_change_known_at_cutoff,0.020939845040276454
139,position_Attacking Midfield,-0.2599969573102217
139,position_Centre-Forward,0.57237633044982
139,position_Left Winger,-0.20687824419536555
139,position_Right Winger,-0.13954393459663175
139,position_Second Striker,0.009783798795439776
139,league_ES1,-0.31290232933591616
139,league_FR1,-0.0599062639678247
139,league_GB1,-0.21952750058994033
139,league_IT1,0.13523088065858152
139,league_L1,-0.5280085417688547
139,league_NL1,0.44264639925551064
139,league_PO1,0.24155834545778704
139,league_RU1,-0.055485905620717466
139,league_TR1,0.33213590905439394
139,foot_Unknown,1.2308394506173332
139,foot_both,-0.4397474558343572
139,foot_left,-0.382976862838474
139,foot_right,-0.4323741388014745
140,goals_prev,0.36761076841207624
140,assists_prev,0.09787117827705236
140,minutes_prev,0.30694550511265656
140,goals_per90_prev,0.211461968138651
140,appearances_prev,-0.06671646616047233
140,age,0.007166437458454361
140,valuation_eur,0.4712901351128701
140,valuation_growth_12m,0.033387332215862764
140,club_mean_valuation_eur,0.1330564823983557
140,height_cm,0.0318572770306897
140,club_change_known_at_cutoff,0.05528978643125411
140,position_Attacking Midfield,-0.686142657199015
140,position_Centre-Forward,0.5583685403355433
140,position_Left Winger,0.11775102162520723
140,position_Right Winger,-0.1441180055079487
140,position_Second Striker,0.13663063403821155
140,league_ES1,-0.10961414495488474
140,league_FR1,0.26039563986116815
140,league_GB1,-0.08774671672789375
140,league_IT1,0.03213330148392507
140,league_L1,-0.396602918068517
140,league_NL1,0.6615414831334239
140,league_PO1,0.004960647221462503
140,league_RU1,-0.1707410744253324
140,league_TR1,-0.21183668423134572
140,foot_Unknown,0.465256779654867
140,foot_both,-0.047971471859983066
140,foot_left,-0.33502431177536107
140,foot_right,-0.09977146272751436
141,goals_prev,0.3150290282407642
141,assists_prev,0.18446249876561893
141,minutes_prev,0.6367095167356791
141,goals_per90_prev,0.24677291981055618
141,appearances_prev,-0.3130173736731626
141,age,-0.08813787919595424
141,valuation_eur,0.034304313451629945
141,valuation_growth_12m,-0.03371320600796369
141,club_mean_valuation_eur,0.5595919158344598
141,height_cm,0.14952435041294593
141,club_change_known_at_cutoff,-0.013944407518847379
141,position_Attacking Midfield,-0.5342247326544762
141,position_Centre-Forward,0.6338503155837759
141,position_Left Winger,-0.06012127961379272
141,position_Right Winger,-0.20548888160895964
141,position_Second Striker,0.14919068820084916
141,league_ES1,0.01905588842495697
141,league_FR1,0.20529339786304765
141,league_GB1,-0.53646527339133
141,league_IT1,0.16634996454925913
141,league_L1,-0.5270760751092939
141,league_NL1,0.6354305067060225
141,league_PO1,0.07926858757105061
141,league_RU1,-0.36510089423923286
141,league_TR1,0.3064500075329238
141,foot_Unknown,0.47297712900763994
141,foot_both,-0.15584394100010124
141,foot_left,-0.21546956487794475
141,foot_right,-0.11845751322220147
142,goals_prev,0.13062747689291732
142,assists_prev,-0.0005766965151399423
142,minutes_prev,0.7118672400199607
142,goals_per90_prev,0.3852611314351261
142,appearances_prev,-0.3443320216210779
142,age,-0.08897634631365481
142,valuation_eur,0.20764444122482612
142,valuation_growth_12m,-0.07146058221583972
142,club_mean_valuation_eur,0.460007125863458
142,height_cm,0.11401453950388415
142,club_change_known_at_cutoff,0.05728305891639755
142,position_Attacking Midfield,-0.7193783879675383
142,position_Centre-Forward,0.46154891434290446
142,position_Left Winger,-0.013383408693841713
142,position_Right Winger,-0.020424015094666514
142,position_Second Striker,0.15818632373908512
142,league_ES1,-0.2518053025505134
142,league_FR1,0.1951722810291326
142,league_GB1,-0.4340787283618634
142,league_IT1,0.11812980930308759
142,league_L1,-0.10196700499470433
142,league_NL1,0.3985925559841042
142,league_PO1,0.2531059397751924
142,league_RU1,-0.3053193264048205
142,league_TR1,-0.0052807974536508645
142,foot_Unknown,0.06711276522165281
142,foot_both,0.005833706620481587
142,foot_left,-0.12735741315989907
142,foot_right,-0.07903963235627975
143,goals_prev,0.5341106584449302
143,assists_prev,-0.010943833807943788
143,minutes_prev,0.39626621008637264
143,goals_per90_prev,0.08985855331276853
143,appearances_prev,-0.08498619685569518
143,age,-0.16703861049217308
143,valuation_eur,0.23223358156590104
143,valuation_growth_12m,-0.03419025336024805
143,club_mean_valuation_eur,0.4219833059917493
143,height_cm,0.17483646123749763
143,club_change_known_at_cutoff,0.10755634266740413
143,position_Attacking Midfield,-0.7177283987519835
143,position_Centre-Forward,0.3829246418001011
143,position_Left Winger,-0.3293825263588715
143,position_Right Winger,-0.28588343154794327
143,position_Second Striker,0.1463734069824489
143,league_ES1,-0.26391532893259506
143,league_FR1,0.33211676197497875
143,league_GB1,-0.3591812980418893
143,league_IT1,-0.09880078246345195
143,league_L1,-0.4747965873189215
143,league_NL1,0.3084901887563448
143,league_PO1,0.0905188334690998
143,league_RU1,-0.509887795692482
143,league_TR1,0.17175970037266666
143,foot_Unknown,0.6356036848466927
143,foot_both,-0.29260241182313584
143,foot_left,-0.6652562691298625
143,foot_right,-0.48144131176994054
144,goals_prev,0.1949033299595266
144,assists_prev,-0.01691175109111311
144,minutes_prev,0.47187920351042734
144,goals_per90_prev,0.3907710923903317
144,appearances_prev,-0.06149022194551019
144,age,0.030404596320169234
144,valuation_eur,0.21755487846708343
144,valuation_growth_12m,0.15255680372843666
144,club_mean_valuation_eur,0.34570201149028823
144,height_cm,0.07717699220580097
144,club_change_known_at_cutoff,0.00852468354763248
144,position_Attacking Midfield,-0.41889927631597695
144,position_Centre-Forward,0.2885274700354491
144,position_Left Winger,0.030816424477320366
144,position_Right Winger,-0.13278863377367664
144,position_Second Striker,0.22825837961940906
144,league_ES1,-0.08546815857052438
144,league_FR1,-0.20086312703374906
144,league_GB1,0.045112408131535095
144,league_IT1,0.14955684775300787
144,league_L1,-0.33974197069181594
144,league_NL1,0.33328532303237696
144,league_PO1,0.26413861548961476
144,league_RU1,-0.261576420358541
144,league_TR1,0.09147084629062673
144,foot_Unknown,0.022157190281262448
144,foot_both,-0.11635448218664486
144,foot_left,0.0015587325445709198
144,foot_right,0.08855292340334885
145,goals_prev,0.09902021069373347
145,assists_prev,0.00025689763353153313
145,minutes_prev,0.5673976017890432
145,goals_per90_prev,0.6328357785808814
145,appearances_prev,-0.13557131725420207
145,age,-0.10010132570377384
145,valuation_eur,0.22233703715128436
145,valuation_growth_12m,-0.015976479727205867
145,club_mean_valuation_eur,0.3750361380028363
145,height_cm,0.08183175012823614
145,club_change_known_at_cutoff,0.18437880328974654
145,position_Attacking Midfield,-0.6740730304959004
145,position_Centre-Forward,0.5080976021027346
145,position_Left Winger,-0.015189238849053769
145,position_Right Winger,-0.10616698122142124
145,position_Second Striker,0.2532679811625978
145,league_ES1,-0.3231976429635573
145,league_FR1,0.2866402000994636
145,league_GB1,-0.2821268225635056
145,league_IT1,0.013824684872632366
145,league_L1,-0.5125630083149363
145,league_NL1,0.6448524864991458
145,league_PO1,0.0324445314502643
145,league_RU1,-0.1315257460229659
145,league_TR1,0.2375876496424135
145,foot_Unknown,0.12080591442710378
145,foot_both,0.32369867375185646
145,foot_left,-0.22761008898056187
145,foot_right,-0.2509581664994472
146,goals_prev,0.4431207205753655
146,assists_prev,0.1122714970150175
146,minutes_prev,0.4551188477702674
146,goals_per90_prev,0.17728062725707697
146,appearances_prev,-0.21932113871739495
146,age,-0.008809862525715455
146,valuation_eur,0.253867379746538
146,valuation_growth_12m,0.040668855479985666
146,club_mean_valuation_eur,0.2496348075310281
146,height_cm,0.10605115112196851
146,club_change_known_at_cutoff,0.09211372470329646
146,position_Attacking Midfield,-0.3946020814765822
146,position_Centre-Forward,0.5944221175548244
146,position_Left Winger,0.014717413795049816
146,position_Right Winger,-0.16077723131661084
146,position_Second Striker,-0.056346471632948515
146,league_ES1,-0.11405725655446457
146,league_FR1,0.2992339427541348
146,league_GB1,-0.041212782080306605
146,league_IT1,0.13077646138032897
146,league_L1,-0.31336654273329084
146,league_NL1,0.41025461501389926
146,league_PO1,-0.09172108199723222
146,league_RU1,-0.04161954337561616
146,league_TR1,-0.24087406548371676
146,foot_Unknown,0.4065934377356463
146,foot_both,-0.03181390148459941
146,foot_left,-0.3144512835601327
146,foot_right,-0.06291450576717436
147,goals_prev,0.13917859076392827
147,assists_prev,0.05596277035212334
147,minutes_prev,0.6651535006342997
147,goals_per90_prev,0.3910320127708441
147,appearances_prev,-0.26064250589556254
147,age,-0.05428618200912306
147,valuation_eur,0.25126863556807305
147,valuation_growth_12m,0.030024296225269972
147,club_mean_valuation_eur,0.3478970710510236
147,height_cm,0.07272556110632841
147,club_change_known_at_cutoff,0.00985676216634408
147,position_Attacking Midfield,-0.508561239322627
147,position_Centre-Forward,0.6549435658752917
147,position_Left Winger,0.15940158473634022
147,position_Right Winger,-0.1825494403252382
147,position_Second Striker,-0.12275926357575838
147,league_ES1,-0.1827761625171157
147,league_FR1,0.21740229567072394
147,league_GB1,-0.3211025885629654
147,league_IT1,0.08348746443389053
147,league_L1,-0.4772686377612161
147,league_NL1,0.5100218888195155
147,league_PO1,-0.06054841959557446
147,league_RU1,0.12663132596133075
147,league_TR1,0.10462804093941616
147,foot_Unknown,0.417107831237514
147,foot_both,-0.04637006415786938
147,foot_left,-0.16431337599670592
147,foot_right,-0.2059491836949492
148,goals_prev,0.02279522194045021
148,assists_prev,-0.057900426096521
148,minutes_prev,0.7011327373963077
148,goals_per90_prev,0.5634855709225803
148,appearances_prev,-0.21027827458790424
148,age,0.02027431616250057
148,valuation_eur,0.2496548394159267
148,valuation_growth_12m,0.016139844229450025
148,club_mean_valuation_eur,0.36512178127537903
148,height_cm,0.0965806683034578
148,club_change_known_at_cutoff,0.12675951741359456
148,position_Attacking Midfield,-1.0252824716633777
148,position_Centre-Forward,0.4254909824689528
148,position_Left Winger,-0.11659166720974587
148,position_Right Winger,0.01269116712663938
148,position_Second Striker,-0.05155554054032252
148,league_ES1,-0.26645981039370686
148,league_FR1,0.04240763999323113
148,league_GB1,-0.6602977609553133
148,league_IT1,0.10661065491811161
148,league_L1,-0.38673176569891937
148,league_NL1,0.60241214611884
148,league_PO1,0.07450640867605804
148,league_RU1,-0.13195855473157395
148,league_TR1,-0.13573648774458433
148,foot_Unknown,1.3732193032297786
148,foot_both,-0.49740046571503804
148,foot_left,-0.9515799111053916
148,foot_right,-0.6794864562272134
149,goals_prev,0.5200348470511227
149,assists_prev,-0.01702069430108151
149,minutes_prev,0.28105457690116004
149,goals_per90_prev,0.12731846907307953
149,appearances_prev,-0.12020199165593036
149,age,0.04580193052826616
149,valuation_eur,0.5211779676958228
149,valuation_growth_12m,-0.047409477151582086
149,club_mean_valuation_eur,0.06082364403288575
149,height_cm,0.08911784504348583
149,club_change_known_at_cutoff,0.12869509379981436
149,position_Attacking Midfield,-0.5665803574729372
149,position_Centre-Forward,0.47516537334654146
149,position_Left Winger,-0.08591442270450815
149,position_Right Winger,-0.06147158684273227
149,position_Second Striker,0.16891183521981587
149,league_ES1,-0.0345447038054316
149,league_FR1,0.12209596360660978
149,league_GB1,-0.5935214989970772
149,league_IT1,-0.03308354134593186
149,league_L1,-0.19946283861327765
149,league_NL1,0.5903393143790195
149,league_PO1,0.13588317526911886
149,league_RU1,-0.1327416766438271
149,league_TR1,0.07514664769696701
149,foot_Unknown,0.14584348097199143
149,foot_both,0.287047353737513
149,foot_left,-0.3534431644122008
149,foot_right,-0.1493368287511407
150,goals_prev,0.3076626798292854
150,assists_prev,0.05010683935978057
150,minutes_prev,0.37323122019733146
150,goals_per90_prev,0.320650309567876
150,appearances_prev,-0.011597414089928728
150,age,-0.026857230776638513
150,valuation_eur,0.14835353631509476
150,valuation_growth_12m,-0.02777830000575833
150,club_mean_valuation_eur,0.4190671770511986
150,height_cm,0.15858828859360263
150,club_change_known_at_cutoff,0.033851541339791326
150,position_Attacking Midfield,-0.3959506597443481
150,position_Centre-Forward,0.3523481077923021
150,position_Left Winger,0.02432206602850804
150,position_Right Winger,0.10466602676456195
150,position_Second Striker,-0.12135804509381379
150,league_ES1,-0.13996192444041328
150,league_FR1,0.1788165611229772
150,league_GB1,-0.1537169820356652
150,league_IT1,0.23355050694143586
150,league_L1,-0.3121643534192497
150,league_NL1,0.37670947291893975
150,league_PO1,-0.18633785356962942
150,league_RU1,-0.1711533780160593
150,league_TR1,0.1382854462448768
150,foot_Unknown,0.10092721095080882
150,foot_both,0.11304980164438114
150,foot_left,-0.2464276550004343
150,foot_right,-0.003521861847543423
151,goals_prev,0.5809352904572529
151,assists_prev,0.05563266818956359
151,minutes_prev,0.4663462309011023
151,goals_per90_prev,-0.01653205908015386
151,appearances_prev,-0.44552320478477614
151,age,0.04586380222324127
151,valuation_eur,0.3172050842371684
151,valuation_growth_12m,0.08364932730165907
151,club_mean_valuation_eur,0.3705585577123246
151,height_cm,0.14974968100808597
151,club_change_known_at_cutoff,0.03693226784569625
151,position_Attacking Midfield,-0.5184017128666424
151,position_Centre-Forward,0.31422839962374116
151,position_Left Winger,-0.13012451406412182
151,position_Right Winger,-0.07194335042582987
151,position_Second Striker,0.41022092045863984
151,league_ES1,-0.23110477510451236
151,league_FR1,0.17669121007058297
151,league_GB1,-0.32579198671723186
151,league_IT1,0.31014158552672827
151,league_L1,-0.5855480970050674
151,league_NL1,0.37913413149499386
151,league_PO1,0.37320617462636535
151,league_RU1,-0.4223438303082744
151,league_TR1,0.3295953301422113
151,foot_Unknown,0.02561794327171311
151,foot_both,0.03495853279902725
151,foot_left,-0.22295771762469813
151,foot_right,0.1663609842797622
152,goals_prev,0.38705201564461006
152,assists_prev,0.04577283673935015
152,minutes_prev,0.4306854148926767
152,goals_per90_prev,0.20380469203748183
152,appearances_prev,-0.12828459094462605
152,age,-0.08118570495265783
152,valuation_eur,0.13558295598999506
152,valuation_growth_12m,0.060711457334126265
152,club_mean_valuation_eur,0.4478446706893043
152,height_cm,0.13276633853434913
152,club_change_known_at_cutoff,-0.004008342692803576
152,position_Attacking Midfield,-0.554906320478348
152,position_Centre-Forward,0.4876802070550342
152,position_Left Winger,-0.005490154262099948
152,position_Right Winger,-0.10705771439187838
152,position_Second Striker,0.16453546493934312
152,league_ES1,-0.18355551154009886
152,league_FR1,0.15962747840616973
152,league_GB1,-0.11800901150369804
152,league_IT1,0.015222753241513775
152,league_L1,-0.6149274574100716
152,league_NL1,0.4722999243559619
152,league_PO1,0.390664574697986
152,league_RU1,-0.012879940663010965
152,league_TR1,-0.12368132672269161
152,foot_Unknown,0.9352171036908231
152,foot_both,-0.4451260469823777
152,foot_left,-0.28373422033951967
152,foot_right,-0.22159535350681722
153,goals_prev,0.2099503683593713
153,assists_prev,0.02929945632961278
153,minutes_prev,0.6584805769019678
153,goals_per90_prev,0.43632498313995716
153,appearances_prev,-0.29323160172604457
153,age,-0.13425565182497262
153,valuation_eur,-0.03755032980279076
153,valuation_growth_12m,-0.008067407261847473
153,club_mean_valuation_eur,0.5962392377786764
153,height_cm,0.09538059761531087
153,club_change_known_at_cutoff,0.09631022647847438
153,position_Attacking Midfield,-0.4390721642384913
153,position_Centre-Forward,0.6061505042202727
153,position_Left Winger,-0.002017729260834544
153,position_Right Winger,-0.14426565921012427
153,position_Second Striker,-0.08532429414850712
153,league_ES1,-0.2902372627461827
153,league_FR1,0.4530534478355749
153,league_GB1,-0.19290469787801862
153,league_IT1,-0.1496730001229922
153,league_L1,-0.34875952330093324
153,league_NL1,0.6290045547511417
153,league_PO1,0.2872174470044093
153,league_RU1,-0.5078011965042726
153,league_TR1,0.055570888323591194
153,foot_Unknown,-0.057763028828814046
153,foot_both,0.007697205802879188
153,foot_left,-0.031228861536084673
153,foot_right,0.016765341924326996
154,goals_prev,0.24854247514944366
154,assists_prev,0.13120328394159547
154,minutes_prev,0.5233295757372463
154,goals_per90_prev,0.29504577699865475
154,appearances_prev,-0.23555646436184863
154,age,-0.06312873222855424
154,valuation_eur,0.20351350980943514
154,valuation_growth_12m,0.024754444191457114
154,club_mean_valuation_eur,0.3062451134497107
154,height_cm,0.1781896496925223
154,club_change_known_at_cutoff,0.07054220389285637
154,position_Attacking Midfield,-0.5917695639801949
154,position_Centre-Forward,0.5163534594394235
154,position_Left Winger,-0.10464686505720036
154,position_Right Winger,-0.11556667564208771
154,position_Second Striker,0.2266925120736645
154,league_ES1,-0.16706365384236968
154,league_FR1,0.15696756083237187
154,league_GB1,-0.12722491200999392
154,league_IT1,-0.12830746387222688
154,league_L1,-0.4144810353356931
154,league_NL1,0.6633421655084997
154,league_PO1,-0.005800497977849049
154,league_RU1,-0.2703339865054396
154,league_TR1,0.22396469003630792
154,foot_Unknown,0.4885136107789779
154,foot_both,-0.16614293994078755
154,foot_left,-0.2549390606841879
154,foot_right,-0.1363687433203812
155,goals_prev,0.48609768960489685
155,assists_prev,-0.07830984370875242
155,minutes_prev,0.5066693051556675
155,goals_per90_prev,0.056077802777554545
155,appearances_prev,-0.2539664286653833
155,age,0.023749173893833075
155,valuation_eur,0.29654484753830007
155,valuation_growth_12m,0.013373210481798868
155,club_mean_valuation_eur,0.4115235553355282
155,height_cm,0.1622511779447462
155,club_change_known_at_cutoff,-0.019645831543860966
155,position_Attacking Midfield,-0.5787279534878197
155,position_Centre-Forward,0.4515599342934185
155,position_Left Winger,0.049149873654612104
155,position_Right Winger,-0.12325887388999862
155,position_Second Striker,0.16847820617283368
155,league_ES1,-0.27131549500985086
155,league_FR1,0.32498352028498406
155,league_GB1,-0.40045312243783626
155,league_IT1,0.24340508896662516
155,league_L1,-0.4160942143033259
155,league_NL1,0.1348420292860472
155,league_PO1,0.19512030072443984
155,league_RU1,-0.021513472854859755
155,league_TR1,0.1782265520868145
155,foot_Unknown,-0.5017307387480537
155,foot_both,0.35945729092951445
155,foot_left,-0.006231049824651913
155,foot_right,0.11570568438622006
156,goals_prev,0.22145071573570074
156,assists_prev,-0.004709569533660848
156,minutes_prev,0.46858697467616495
156,goals_per90_prev,0.1952444239726519
156,appearances_prev,-0.09617119738333228
156,age,-0.03929557205116356
156,valuation_eur,0.306572233527671
156,valuation_growth_12m,-0.021262426253465843
156,club_mean_valuation_eur,0.32386484182360714
156,height_cm,0.10218239682796543
156,club_change_known_at_cutoff,0.06096785812222507
156,position_Attacking Midfield,-0.5169586494628967
156,position_Centre-Forward,0.667950378176316
156,position_Left Winger,-0.10535810749676383
156,position_Right Winger,-0.18943907730859286
156,position_Second Striker,0.04837076977876044
156,league_ES1,-0.1227689434001667
156,league_FR1,-0.04317643248338872
156,league_GB1,-0.34885267815713505
156,league_IT1,0.02895301031299706
156,league_L1,-0.28915881748589223
156,league_NL1,0.6465236734491383
156,league_PO1,0.2567835262865077
156,league_RU1,-0.4327241789520702
156,league_TR1,0.20898615411683621
156,foot_Unknown,0.3925683116350304
156,foot_both,0.1701618234766055
156,foot_left,-0.44687459319625483
156,foot_right,-0.21129022822855362
157,goals_prev,0.6106422372106269
157,assists_prev,-0.008303650227143746
157,minutes_prev,0.5092685204347307
157,goals_per90_prev,-0.003301492720403779
157,appearances_prev,-0.3860062508379667
157,age,-0.11951199331355677
157,valuation_eur,0.2553411524039609
157,valuation_growth_12m,0.017840055782236342
157,club_mean_valuation_eur,0.5290873834093371
157,height_cm,0.1297652669085596
157,club_change_known_at_cutoff,0.06993209333955683
157,position_Attacking Midfield,-0.6077333745255142
157,position_Centre-Forward,0.4443659416627789
157,position_Left Winger,0.010155379508372274
157,position_Right Winger,-0.1170132618215477
157,position_Second Striker,0.21450298380620145
157,league_ES1,-0.22275919614271678
157,league_FR1,0.24724682891665317
157,league_GB1,-0.41828508492397715
157,league_IT1,0.05320346119232296
157,league_L1,-0.3613801709168912
157,league_NL1,0.532462477967779
157,league_PO1,0.1780511439741913
157,league_RU1,-0.36684225435912815
157,league_TR1,0.3025804629220564
157,foot_Unknown,0.5023825065916913
157,foot_both,-0.1726058473285799
157,foot_left,-0.22600601070652768
157,foot_right,-0.1594929799263049
158,goals_prev,0.14864641207749862
158,assists_prev,0.04170567359663911
158,minutes_prev,0.7857279818799635
158,goals_per90_prev,0.32166505653404365
158,appearances_prev,-0.5103599423537764
158,age,-0.04217827316276356
158,valuation_eur,0.3119821851700246
158,valuation_growth_12m,0.0055215628251098735
158,club_mean_valuation_eur,0.3678610480502169
158,height_cm,0.1664870291445902
158,club_change_known_at_cutoff,0.08959329445174415
158,position_Attacking Midfield,-0.6739749611405634
158,position_Centre-Forward,0.5664813293738371
158,position_Left Winger,0.014954730679371878
158,position_Right Winger,-0.010008948548363154
158,position_Second Striker,0.0856535196424275
158,league_ES1,-0.09364345760445253
158,league_FR1,0.12247016015454043
158,league_GB1,-0.34649167421119687
158,league_IT1,0.32235845356874154
158,league_L1,-0.486380786508828
158,league_NL1,0.554221792015469
158,league_PO1,0.21604557605056612
158,league_RU1,-0.2631119971924506
158,league_TR1,-0.0423623962656652
158,foot_Unknown,0.7534123920463975
158,foot_both,-0.4361322869285853
158,foot_left,-0.340920647825265
158,foot_right,0.006746212714160482
159,goals_prev,0.661269823713843
159,assists_prev,0.20173215442067552
159,minutes_prev,0.333481087033061
159,goals_per90_prev,0.03257769194533272
159,appearances_prev,-0.2092276899318806
159,age,-0.08772622048367315
159,valuation_eur,-0.1369037155833619
159,valuation_growth_12m,0.08119157820960436
159,club_mean_valuation_eur,0.6096839265435949
159,height_cm,0.15000030843503326
159,club_change_known_at_cutoff,0.1577503130841186
159,position_Attacking Midfield,-0.6346957156111926
159,position_Centre-Forward,0.5610568633182492
159,position_Left Winger,-0.008481694365019925
159,position_Right Winger,-0.2625982356694092
159,position_Second Striker,0.33500218706469276
159,league_ES1,-0.2759639054506893
159,league_FR1,0.1207489454383183
159,league_GB1,-0.24447407376930527
159,league_IT1,-0.12881138342016946
159,league_L1,-0.12338072198216124
159,league_NL1,0.6455809873856988
159,league_PO1,0.12683807961644306
159,league_RU1,-0.234179924566579
159,league_TR1,0.10392540148575907
159,foot_Unknown,-0.7109506707488682
159,foot_both,0.29369903012185156
159,foot_left,0.22190475920599784
159,foot_right,0.18563028615835747
160,goals_prev,0.5021747690218206
160,assists_prev,-0.013498237592925812
160,minutes_prev,0.5021899036586646
160,goals_per90_prev,0.08217955525290055
160,appearances_prev,-0.2909142663523875
160,age,-0.010270887053138653
160,valuation_eur,0.5004280815199769
160,valuation_growth_12m,-0.01193784379240437
160,club_mean_valuation_eur,0.0382762102258037
160,height_cm,0.053254714569227715
160,club_change_known_at_cutoff,-0.05205071759206157
160,position_Attacking Midfield,-0.6443589092470503
160,position_Centre-Forward,0.4840335594983995
160,position_Left Winger,0.048679710823526005
160,position_Right Winger,-0.3436529600256024
160,position_Second Striker,-0.21032188617320366
160,league_ES1,-0.01978299082341064
160,league_FR1,0.28167710228400467
160,league_GB1,-0.3568461565425345
160,league_IT1,0.03387363280679055
160,league_L1,-0.42101646467463705
160,league_NL1,0.44785793458935197
160,league_PO1,0.04884989499467737
160,league_RU1,-0.5721573754769187
160,league_TR1,-0.10807606228125
160,foot_Unknown,0.5420360229563946
160,foot_both,-0.36756646923433195
160,foot_left,-0.48983503840985804
160,foot_right,-0.3502550004361392
161,goals_prev,0.1324935332704832
161,assists_prev,0.007331017058138179
161,minutes_prev,0.5213909564255027
161,goals_per90_prev,0.4317769921537775
161,appearances_prev,-0.08222827300785564
161,age,0.08334441223397338
161,valuation_eur,0.33204444318079146
161,valuation_growth_12m,-0.019081435924937037
161,club_mean_valuation_eur,0.29608520662680055
161,height_cm,0.08458375616909106
161,club_change_known_at_cutoff,0.027183088519565402
161,position_Attacking Midfield,-0.6334180423251343
161,position_Centre-Forward,0.38900050005075104
161,position_Left Winger,-0.05621517329100678
161,position_Right Winger,-0.24271301870654893
161,position_Second Striker,0.529356652590556
161,league_ES1,-0.09327573453886545
161,league_FR1,0.19131977485343074
161,league_GB1,-0.39113735876440475
161,league_IT1,0.039893428744628937
161,league_L1,-0.3714222864136992
161,league_NL1,0.872960161089939
161,league_PO1,0.23633135296873406
161,league_RU1,-0.4381319940281165
161,league_TR1,-0.06052642559302233
161,foot_Unknown,0.8136711903632706
161,foot_both,-0.17710977613515289
161,foot_left,-0.29455321686041436
161,foot_right,-0.35599727904907524
162,goals_prev,0.30401546826701203
162,assists_prev,0.09055346216821443
162,minutes_prev,0.42486547566068616
162,goals_per90_prev,0.272668366114296
162,appearances_prev,-0.1755736130131838
162,age,0.04247000384488388
162,valuation_eur,0.5621187971756465
162,valuation_growth_12m,-0.017420205981385578
162,club_mean_valuation_eur,0.10071397166253969
162,height_cm,0.15988535141974988
162,club_change_known_at_cutoff,0.05869065053182589
162,position_Attacking Midfield,-0.609601569411944
162,position_Centre-Forward,0.5243060590200319
162,position_Left Winger,0.011294335176666228
162,position_Right Winger,-0.14054361388825828
162,position_Second Striker,0.17968945242223483
162,league_ES1,0.002447915528343542
162,league_FR1,0.16181806141897892
162,league_GB1,-0.3834392785761611
162,league_IT1,0.10898011990483421
162,league_L1,-0.46890964244848826
162,league_NL1,0.4418356129371853
162,league_PO1,0.22837711537808114
162,league_RU1,-0.1682063647480224
162,league_TR1,0.04224112392397767
162,foot_Unknown,0.7624749810035898
162,foot_both,-0.17798341038783103
162,foot_left,-0.3559317375929653
162,foot_right,-0.2634151697040473
163,goals_prev,0.3370696100718993
163,assists_prev,0.09284938818915014
163,minutes_prev,0.5126984036693947
163,goals_per90_prev,0.3312901001118331
163,appearances_prev,-0.328603273398464
163,age,0.0251849748006311
163,valuation_eur,0.2556683508335027
163,valuation_growth_12m,0.11449607697546682
163,club_mean_valuation_eur,0.3583479479019194
163,height_cm,0.22150959634343198
163,club_change_known_at_cutoff,0.06223910037077979
163,position_Attacking Midfield,-0.4072602834778624
163,position_Centre-Forward,0.37240249137354847
163,position_Left Winger,0.16377663744071413
163,position_Right Winger,-0.06435718678793602
163,position_Second Striker,-0.07038919119544568
163,league_ES1,-0.08942910386588136
163,league_FR1,0.0303972217980275
163,league_GB1,-0.44960957938486723
163,league_IT1,0.5497047678462991
163,league_L1,-0.3748298809292642
163,league_NL1,0.6317474285535294
163,league_PO1,-0.007099416229104981
163,league_RU1,-0.3950847868936888
163,league_TR1,0.09837581645797447
163,foot_Unknown,0.05274941349023697
163,foot_both,0.30613753299109364
163,foot_left,-0.28940964863859675
163,foot_right,-0.07530483048971921
164,goals_prev,0.18383307284236525
164,assists_prev,0.17188898722363133
164,minutes_prev,0.46535779553071077
164,goals_per90_prev,0.49538915393772237
164,appearances_prev,-0.14644490243927322
164,age,-0.017769819821531703
164,valuation_eur,0.3003787242414786
164,valuation_growth_12m,0.013058490541968991
164,club_mean_valuation_eur,0.14615477495270304
164,height_cm,0.01736996122389998
164,club_change_known_at_cutoff,0.07715707516341624
164,position_Attacking Midfield,-0.6076922559071013
164,position_Centre-Forward,0.654421657810925
164,position_Left Winger,-0.0942839192453961
164,position_Right Winger,0.009228314999722428
164,position_Second Striker,-0.04550028003023067
164,league_ES1,-0.0331744339063091
164,league_FR1,0.35849777211156825
164,league_GB1,-0.04459514141197528
164,league_IT1,0.22924533423335178
164,league_L1,-0.4259074651076434
164,league_NL1,0.2485469417541447
164,league_PO1,0.006191661300390262
164,league_RU1,-0.34324355995140304
164,league_TR1,-0.07938759139420301
164,foot_Unknown,0.14713958974972163
164,foot_both,0.044970410313214484
164,foot_left,-0.17195345167836915
164,foot_right,-0.10398303075665465
165,goals_prev,0.5624801037954179
165,assists_prev,0.09738638639336669
165,minutes_prev,0.48686277408564854
165,goals_per90_prev,0.0460508031259498
165,appearances_prev,-0.28432774772988473
165,age,-0.1122091150400033
165,valuation_eur,0.1898943300878193
165,valuation_growth_12m,0.0014363861529680614
165,club_mean_valuation_eur,0.3906986643115032
165,height_cm,0.12495259816760854
165,club_change_known_at_cutoff,-0.0025215897641578597
165,position_Attacking Midfield,-0.7921125044827103
165,position_Centre-Forward,0.5070581637776618
165,position_Left Winger,-0.0305487623688571
165,position_Right Winger,-0.2609787931998188
165,position_Second Striker,0.5136095904258692
165,league_ES1,-0.09966300278085631
165,league_FR1,0.1784537723974483
165,league_GB1,-0.18312685239748022
165,league_IT1,-0.054121123585278375
165,league_L1,-0.22319945334148628
165,league_NL1,0.32943037140502635
165,league_PO1,0.23148625081492244
165,league_RU1,-0.2432196328395679
165,league_TR1,0.0009873644794090282
165,foot_Unknown,0.5317745703741469
165,foot_both,-0.11139993698785015
165,foot_left,-0.2311902469522906
165,foot_right,-0.25215669228185883
166,goals_prev,0.5653254536153561
166,assists_prev,0.051001067914758696
166,minutes_prev,0.3427951478356302
166,goals_per90_prev,0.07603634958626819
166,appearances_prev,-0.2134485388113807
166,age,0.01669677001843224
166,valuation_eur,0.3753343981468303
166,valuation_growth_12m,-0.014778117452495855
166,club_mean_valuation_eur,0.21856956567932606
166,height_cm,0.11389806561964808
166,club_change_known_at_cutoff,-9.702986959886058e-05
166,position_Attacking Midfield,-0.5963631354320983
166,position_Centre-Forward,0.4729568649666935
166,position_Left Winger,0.16286790481404048
166,position_Right Winger,-0.11017644801444347
166,position_Second Striker,0.02908733195114157
166,league_ES1,-0.07811236274186455
166,league_FR1,0.19577337169729503
166,league_GB1,-0.267830300529641
166,league_IT1,0.03687845029009187
166,league_L1,-0.17656102871989976
166,league_NL1,0.6975531109151228
166,league_PO1,-0.22872149022161425
166,league_RU1,-0.26830119425855165
166,league_TR1,0.047693961854388345
166,foot_Unknown,0.37323645591428867
166,foot_both,0.08827064479548555
166,foot_left,-0.3676896189437622
166,foot_right,-0.1354449634806816
167,goals_prev,0.5525992501133017
167,assists_prev,-0.10100958853239264
167,minutes_prev,0.44997202825570115
167,goals_per90_prev,0.052869735931655566
167,appearances_prev,-0.14723305723456706
167,age,0.02229722552486722
167,valuation_eur,0.4850336740835448
167,valuation_growth_12m,-0.0159164756811803
167,club_mean_valuation_eur,0.12381537524272083
167,height_cm,0.04830020986158458
167,club_change_known_at_cutoff,0.005189395690879353
167,position_Attacking Midfield,-0.7059714608608698
167,position_Centre-Forward,0.6750787698493338
167,position_Left Winger,0.16396958701518782
167,position_Right Winger,-0.07051689584390089
167,position_Second Striker,-0.0757679790979026
167,league_ES1,-0.03590632174472014
167,league_FR1,0.03218833134245459
167,league_GB1,-0.6647146975315328
167,league_IT1,0.049998610885609016
167,league_L1,-0.1366153553666978
167,league_NL1,0.5417077472090159
167,league_PO1,0.2570561968172603
167,league_RU1,-0.019662336096495675
167,league_TR1,-0.03726015445304366
167,foot_Unknown,0.30333493366879377
167,foot_both,-0.13965629737407648
167,foot_left,-0.048929921163887495
167,foot_right,-0.12795669406898255
168,goals_prev,0.365834031145132
168,assists_prev,0.05833668209442967
168,minutes_prev,0.48909187980614227
168,goals_per90_prev,0.21955577722692052
168,appearances_prev,-0.2545446508749304
168,age,0.017265331963724723
168,valuation_eur,0.2714882706705987
168,valuation_growth_12m,0.04924520574782693
168,club_mean_valuation_eur,0.3647272176853931
168,height_cm,0.09502203574294264
168,club_change_known_at_cutoff,0.039788141569684576
168,position_Attacking Midfield,-0.668679175064369
168,position_Centre-Forward,0.40466967449130253
168,position_Left Winger,0.08346402965864944
168,position_Right Winger,-0.327470141719719
168,position_Second Striker,0.46827873822032967
168,league_ES1,-0.06510315941999145
168,league_FR1,0.40048334873911723
168,league_GB1,-0.4125957611720629
168,league_IT1,0.0949536767087645
168,league_L1,-0.3090058795677167
168,league_NL1,0.4166352208306425
168,league_PO1,-0.00915226874185311
168,league_RU1,-0.41420201522733324
168,league_TR1,0.25824996343662054
168,foot_Unknown,0.39385059458836524
168,foot_both,-0.24352898564129352
168,foot_left,-0.12073631913508015
168,foot_right,-0.06932216422579691
169,goals_prev,0.3961450064644392
169,assists_prev,0.04390841693662361
169,minutes_prev,0.3766020637099068
169,goals_per90_prev,0.29948772835907694
169,appearances_prev,-0.028383747837955865
169,age,-0.14142830039214688
169,valuation_eur,0.17512344959484918
169,valuation_growth_12m,-0.0829910743019946
169,club_mean_valuation_eur,0.39738926118456686
169,height_cm,0.14974871025173722
169,club_change_known_at_cutoff,0.07603743118194946
169,position_Attacking Midfield,-0.666456067456871
169,position_Centre-Forward,0.47505885224411587
169,position_Left Winger,-0.011227606238036815
169,position_Right Winger,-0.14323186781267683
169,position_Second Striker,0.30407991298133913
169,league_ES1,-0.03323191247625562
169,league_FR1,0.3504729636086336
169,league_GB1,-0.43434700157712697
169,league_IT1,-0.12536943982535836
169,league_L1,-0.16908414651248238
169,league_NL1,0.46559405272645293
169,league_PO1,0.0637402920491759
169,league_RU1,-0.08774815121503513
169,league_TR1,-0.0718034330601299
169,foot_Unknown,0.7033845004332314
169,foot_both,-0.018616435882660126
169,foot_left,-0.49977557058146876
169,foot_right,-0.22676927025123514
170,goals_prev,0.19343381098023416
170,assists_prev,-0.028959449581183336
170,minutes_prev,0.5538584155486291
170,goals_per90_prev,0.35823197232577814
170,appearances_prev,-0.1785839739075275
170,age,-0.02623549065931474
170,valuation_eur,0.24092521182183627
170,valuation_growth_12m,0.0335505623710003
170,club_mean_valuation_eur,0.3245898709872923
170,height_cm,0.17083853805525656
170,club_change_known_at_cutoff,0.044465924706801746
170,position_Attacking Midfield,-0.36241734028928263
170,position_Centre-Forward,0.5121054563132551
170,position_Left Winger,-0.008155791934385894
170,position_Right Winger,0.044382061080356354
170,position_Second Striker,-0.2038091940170228
170,league_ES1,-0.002581900189894297
170,league_FR1,0.35459841822839583
170,league_GB1,-0.37694392320682907
170,league_IT1,0.06923892903430308
170,league_L1,-0.32900435753822416
170,league_NL1,0.6261660839884624
170,league_PO1,0.06397826047155922
170,league_RU1,-0.4893050913700711
170,league_TR1,0.06595877173522816
170,foot_Unknown,0.8640652669054122
170,foot_both,-0.20872663155706248
170,foot_left,-0.3753718773772613
170,foot_right,-0.2978615668181683
171,goals_prev,0.5037014926808404
171,assists_prev,-0.016986798548997307
171,minutes_prev,0.6070786127801286
171,goals_per90_prev,0.11354348562929574
171,appearances_prev,-0.4387624098548687
171,age,-0.0635502459406928
171,valuation_eur,0.08711693740796778
171,valuation_growth_12m,0.06443922821579849
171,club_mean_valuation_eur,0.5014426954230117
171,height_cm,0.12799557517846247
171,club_change_known_at_cutoff,0.04555501885993753
171,position_Attacking Midfield,-0.48729827233548045
171,position_Centre-Forward,0.38094300577168094
171,position_Left Winger,0.17344955014648963
171,position_Right Winger,-0.025016670190484737
171,position_Second Striker,-0.0373343594805151
171,league_ES1,0.033721956033402625
171,league_FR1,0.17701049719478146
171,league_GB1,-0.5954693398422645
171,league_IT1,0.35947713777949825
171,league_L1,-0.6348830110715639
171,league_NL1,0.6378364913449306
171,league_PO1,0.1762967563503927
171,league_RU1,-0.45781380302647784
171,league_TR1,0.3085665691489825
171,foot_Unknown,0.7137210486944063
171,foot_both,-0.515150332735506
171,foot_left,-0.11765021316163272
171,foot_right,-0.07617724888556547
172,goals_prev,0.4718106306579473
172,assists_prev,0.055733761354409446
172,minutes_prev,0.23806816207104933
172,goals_per90_prev,0.10813126167016841
172,appearances_prev,-0.0805320565281066
172,age,0.11835226424672177
172,valuation_eur,0.47507634568788865
172,valuation_growth_12m,0.18274012806825574
172,club_mean_valuation_eur,0.144225379794301
172,height_cm,0.12988493640783869
172,club_change_known_at_cutoff,0.0785093657041296
172,position_Attacking Midfield,-0.6131155035291684
172,position_Centre-Forward,0.5039083047294901
172,position_Left Winger,-0.2193017922611398
172,position_Right Winger,-0.1329859863831809
172,position_Second Striker,-0.25198555764324937
172,league_ES1,-0.09854256211916212
172,league_FR1,0.16999385128171302
172,league_GB1,-0.31531125894739853
172,league_IT1,0.004569780784137041
172,league_L1,-0.7266439881537128
172,league_NL1,0.46495804798206325
172,league_PO1,0.0883335599448735
172,league_RU1,-0.1784742206256215
172,league_TR1,-0.12236374523413401
172,foot_Unknown,0.9631528674023361
172,foot_both,-0.44126646618262305
172,foot_left,-0.6684765779373596
172,foot_right,-0.566890358369588
173,goals_prev,0.32202615757025743
173,assists_prev,-0.025756571917959055
173,minutes_prev,0.516427753388092
173,goals_per90_prev,0.3422171237197461
173,appearances_prev,-0.11511982111155204
173,age,-0.056964034778162295
173,valuation_eur,0.1906817837249514
173,valuation_growth_12m,0.0005716528813792943
173,club_mean_valuation_eur,0.35680707168946835
173,height_cm,0.010398342526482597
173,club_change_known_at_cutoff,0.05606858581820294
173,position_Attacking Midfield,-0.5289319386158603
173,position_Centre-Forward,0.4474532081381351
173,position_Left Winger,-0.02315590558891756
173,position_Right Winger,-0.030770201115325097
173,position_Second Striker,0.09260003712719166
173,league_ES1,-0.21140666734072466
173,league_FR1,0.08026301425842837
173,league_GB1,-0.4299419236710508
173,league_IT1,0.11735059029916674
173,league_L1,-0.2811624765744779
173,league_NL1,0.4521128671080675
173,league_PO1,-0.07678812186108477
173,league_RU1,0.11914007918906339
173,league_TR1,0.18762783853785708
173,foot_Unknown,1.0431706268421337
173,foot_both,-0.3448264489509916
173,foot_left,-0.3314351582022029
173,foot_right,-0.40971381974369364
174,goals_prev,0.5649215204251796
174,assists_prev,0.08217716378008992
174,minutes_prev,0.3463906849438491
174,goals_per90_prev,0.028298725228818475
174,appearances_prev,-0.20189479058810525
174,age,-0.07694136782381397
174,valuation_eur,0.11320539726967231
174,valuation_growth_12m,-0.010715176098968849
174,club_mean_valuation_eur,0.3978127086703747
174,height_cm,0.2080907377884676
174,club_change_known_at_cutoff,0.09700452861593105
174,position_Attacking Midfield,-0.7573502189814292
174,position_Centre-Forward,0.35673956776623017
174,position_Left Winger,-0.0209183963516171
174,position_Right Winger,0.003097479303338488
174,position_Second Striker,0.3969228704725694
174,league_ES1,-0.10127502803445992
174,league_FR1,0.10318198885243812
174,league_GB1,-0.12063960640416815
174,league_IT1,0.2877573858642355
174,league_L1,-0.549212053381059
174,league_NL1,0.6331964965488895
174,league_PO1,-0.002066557989243556
174,league_RU1,-0.3346712958374644
174,league_TR1,0.06221997258991829
174,foot_Unknown,0.1509505573065853
174,foot_both,0.08848824721720591
174,foot_left,-0.13187581005820007
174,foot_right,-0.12907169225651077
175,goals_prev,0.6158072270841501
175,assists_prev,-0.00573629752270239
175,minutes_prev,0.4656658504796483
175,goals_per90_prev,-0.07153306827476898
175,appearances_prev,-0.3285905190187053
175,age,0.027418455012907194
175,valuation_eur,0.2851135301665684
175,valuation_growth_12m,0.05294829424857204
175,club_mean_valuation_eur,0.3683600713548337
175,height_cm,0.03766415421282406
175,club_change_known_at_cutoff,0.02728569429366201
175,position_Attacking Midfield,-0.4453384679279856
175,position_Centre-Forward,0.650218791018414
175,position_Left Winger,-0.12029059074448173
175,position_Right Winger,-0.29020460189580055
175,position_Second Striker,0.19069979208867585
175,league_ES1,-0.1551505948569932
175,league_FR1,-0.019441326392946996
175,league_GB1,-0.3957730748975009
175,league_IT1,0.15858407486028805
175,league_L1,-0.12921161381565974
175,league_NL1,0.6931455748123833
175,league_PO1,0.13297006526427418
175,league_RU1,-0.40505059303206514
175,league_TR1,0.10501241059705736
175,foot_Unknown,0.7868832038382709
175,foot_both,-0.24879230560125462
175,foot_left,-0.2950193474611874
175,foot_right,-0.25798662823699026
176,goals_prev,0.4676276916491352
176,assists_prev,0.06867993716205238
176,minutes_prev,0.5211724376885791
176,goals_per90_prev,0.1696873522278348
176,appearances_prev,-0.22011282598462667
176,age,-0.15435727052846068
176,valuation_eur,-0.0625559703006835
176,valuation_growth_12m,0.02137892989177326
176,club_mean_valuation_eur,0.6172791349531327
176,height_cm,0.15321411888860992
176,club_change_known_at_cutoff,0.05431301500523959
176,position_Attacking Midfield,-0.7214879072201066
176,position_Centre-Forward,0.35572682958982826
176,position_Left Winger,-0.32286277820618503
176,position_Right Winger,-0.14091538755368144
176,position_Second Striker,0.10690324627672709
176,league_ES1,-0.11037026782438383
176,league_FR1,0.09325374888049767
176,league_GB1,-0.5253767842800832
176,league_IT1,-0.07824171940645906
176,league_L1,-0.3996874015547664
176,league_NL1,0.43947734355705326
176,league_PO1,-0.06782124307981587
176,league_RU1,-0.08219402459507134
176,league_TR1,0.008324351189606734
176,foot_Unknown,0.5853540724026906
176,foot_both,-0.48229927589644317
176,foot_left,-0.47479136233040015
176,foot_right,-0.3508994312892631
177,goals_prev,0.42449503834509417
177,assists_prev,0.05303048643449644
177,minutes_prev,0.3795066098299061
177,goals_per90_prev,0.23254024391899586
177,appearances_prev,-0.27176259606652886
177,age,-0.03715938058030747
177,valuation_eur,0.48091266773369085
177,valuation_growth_12m,-0.049904503128595366
177,club_mean_valuation_eur,0.0634300155396835
177,height_cm,0.12651407570284348
177,club_change_known_at_cutoff,-0.0062671750897657225
177,position_Attacking Midfield,-0.6216954790710109
177,position_Centre-Forward,0.507092143265208
177,position_Left Winger,-0.052707880505348345
177,position_Right Winger,-0.11155751477101257
177,position_Second Striker,0.2859462377470551
177,league_ES1,-0.06457400255920075
177,league_FR1,0.08425863676802656
177,league_GB1,-0.08079741088562307
177,league_IT1,0.0539432887244428
177,league_L1,-0.06842396331139611
177,league_NL1,0.35263838517052176
177,league_PO1,0.31697852896555845
177,league_RU1,-0.4100098871823905
177,league_TR1,-0.17693606902503067
177,foot_Unknown,1.0473270675277826
177,foot_both,-0.1915231568235596
177,foot_left,-0.517991313336996
177,foot_right,-0.33073509070236656
178,goals_prev,0.5001484292982433
178,assists_prev,0.05482777619450959
178,minutes_prev,0.4175195900292164
178,goals_per90_prev,0.17026783078592198
178,appearances_prev,-0.2798938652061969
178,age,-0.04525187965051033
178,valuation_eur,0.37771080021103615
178,valuation_growth_12m,0.03828503190934011
178,club_mean_valuation_eur,0.1753185299791008
178,height_cm,0.11822577615026614
178,club_change_known_at_cutoff,0.023039092773564706
178,position_Attacking Midfield,-0.6615350306475932
178,position_Centre-Forward,0.479209655143142
178,position_Left Winger,0.09553029130362198
178,position_Right Winger,-0.18938794450495983
178,position_Second Striker,0.2487107729172141
178,league_ES1,-0.06105642578086402
178,league_FR1,0.09426806815680683
178,league_GB1,-0.047783534901577426
178,league_IT1,0.13440870492832482
178,league_L1,-0.09437172483965588
178,league_NL1,0.480468197139311
178,league_PO1,-0.002965789496644478
178,league_RU1,-0.6319305722194618
178,league_TR1,0.10149082122518338
178,foot_Unknown,0.7570849018500259
178,foot_both,-0.14965157140112093
178,foot_left,-0.5076071182647333
178,foot_right,-0.12729846797275388
179,goals_prev,0.28603892609481113
179,assists_prev,0.015493677163625258
179,minutes_prev,0.6118312241951578
179,goals_per90_prev,0.30351288629126677
179,appearances_prev,-0.3265047662601239
179,age,-0.12264314344341831
179,valuation_eur,0.04909607729702233
179,valuation_growth_12m,0.082053872079796
179,club_mean_valuation_eur,0.5315336674291209
179,height_cm,0.16920400793501675
179,club_change_known_at_cutoff,0.038660672572177694
179,position_Attacking Midfield,-0.3993193531753951
179,position_Centre-Forward,0.42127333706993253
179,position_Left Winger,-0.04573518169453917
179,position_Right Winger,-0.048022278118021844
179,position_Second Striker,0.06649476831821298
179,league_ES1,-0.1709303231950961
179,league_FR1,0.10981010309131618
179,league_GB1,-0.33890256495825316
179,league_IT1,-0.03674634258150338
179,league_L1,-0.4099911561525378
179,league_NL1,0.6524584923710461
179,league_PO1,0.1904762340251703
179,league_RU1,-0.16566564118119587
179,league_TR1,0.16418249098123192
179,foot_Unknown,0.5431898541685481
179,foot_both,-0.4129806635206375
179,foot_left,-0.05783467412872202
179,foot_right,-0.07768322411899946
180,goals_prev,0.357602499572578
180,assists_prev,0.012105952707265263
180,minutes_prev,0.5283578744926847
180,goals_per90_prev,0.27069602211564703
180,appearances_prev,-0.24835045175262316
180,age,-0.15162740526181553
180,valuation_eur,0.26382952919140595
180,valuation_growth_12m,-0.055576940207262816
180,club_mean_valuation_eur,0.3937267051697775
180,height_cm,0.0717401986170142
180,club_change_known_at_cutoff,0.06180471260153159
180,position_Attacking Midfield,-0.6374412011437153
180,position_Centre-Forward,0.5604320284718016
180,position_Left Winger,0.0048283837762336254
180,position_Right Winger,-0.14112604003673473
180,position_Second Striker,0.09618405791017831
180,league_ES1,-0.08869676007788883
180,league_FR1,0.05246789400366339
180,league_GB1,-0.65595252266802
180,league_IT1,-0.018986949776744134
180,league_L1,-0.32395154222598915
180,league_NL1,0.48660620582195996
180,league_PO1,0.29896509443412933
180,league_RU1,-0.1076320025476915
180,league_TR1,0.24005781201435944
180,foot_Unknown,-0.06379963400824365
180,foot_both,-0.01115313321170711
180,foot_left,-0.06272346177143304
180,foot_right,0.0205534579691722
181,goals_prev,0.24121908615609816
181,assists_prev,0.05549184946215896
181,minutes_prev,0.5651981793994934
181,goals_per90_prev,0.352899676959202
181,appearances_prev,-0.22228941560696064
181,age,-0.0438511532348574
181,valuation_eur,0.2902115466486357
181,valuation_growth_12m,-0.032977879158110505
181,club_mean_valuation_eur,0.24829523452180596
181,height_cm,0.11310058245960095
181,club_change_known_at_cutoff,0.07223560412309503
181,position_Attacking Midfield,-0.597736488369957
181,position_Centre-Forward,0.38982950450309095
181,position_Left Winger,0.07902336017133767
181,position_Right Winger,-0.15336936264131054
181,position_Second Striker,0.3207859692244234
181,league_ES1,-0.061096493374609255
181,league_FR1,0.5039360494724889
181,league_GB1,-0.10753720958353429
181,league_IT1,-0.028946068349970322
181,league_L1,-0.31881231006816235
181,league_NL1,0.6778696626766925
181,league_PO1,-0.05488471027904757
181,league_RU1,-0.604092714159222
181,league_TR1,0.03209677655295558
181,foot_Unknown,-0.02140950539835808
181,foot_both,0.22115353602246265
181,foot_left,-0.22172020932282982
181,foot_right,0.060509161586313046
182,goals_prev,0.48591729516117704
182,assists_prev,-0.033998075830092137
182,minutes_prev,0.5367844648676832
182,goals_per90_prev,0.2170707784523575
182,appearances_prev,-0.23829479707367343
182,age,-0.11564021058486479
182,valuation_eur,0.006982611798903599
182,valuation_growth_12m,0.001249267472927521
182,club_mean_valuation_eur,0.415288436854029
182,height_cm,0.04583780305486944
182,club_change_known_at_cutoff,0.09682602552452538
182,position_Attacking Midfield,-0.820682220789064
182,position_Centre-Forward,0.33385272008879835
182,position_Left Winger,-0.1558819787015106
182,position_Right Winger,-0.2884319037436112
182,position_Second Striker,-0.012145525880556517
182,league_ES1,-0.3353864941249821
182,league_FR1,0.26646227004230794
182,league_GB1,-0.321524694549914
182,league_IT1,0.034249729703520665
182,league_L1,-0.22185412707645352
182,league_NL1,0.17915350899898574
182,league_PO1,0.12762112201334108
182,league_RU1,-0.5101842828091863
182,league_TR1,-0.16182594122356433
182,foot_Unknown,0.9605034019630627
182,foot_both,-0.5872118872893343
182,foot_left,-0.7764493515560269
182,foot_right,-0.5401310721436322
183,goals_prev,0.5618721697710799
183,assists_prev,0.0174474850369971
183,minutes_prev,0.5263465844871454
183,goals_per90_prev,0.1578292407561922
183,appearances_prev,-0.22717634935526762
183,age,-0.13101149887676727
183,valuation_eur,0.08117156052856174
183,valuation_growth_12m,0.024011801128587095
183,club_mean_valuation_eur,0.4424578822316384
183,height_cm,0.09157356634416167
183,club_change_known_at_cutoff,0.05177772372785159
183,position_Attacking Midfield,-0.8486882261154406
183,position_Centre-Forward,0.2421138100732805
183,position_Left Winger,-0.20613336911171073
183,position_Right Winger,-0.39352252908404856
183,position_Second Striker,0.31266280882676717
183,league_ES1,-0.4019903770704993
183,league_FR1,0.051007030983160374
183,league_GB1,-0.1753057492192267
183,league_IT1,-0.09134613247020147
183,league_L1,-0.48278431411038353
183,league_NL1,0.46850998653215736
183,league_PO1,-0.17631182689498154
183,league_RU1,-0.2269353981819113
183,league_TR1,0.14158927502073138
183,foot_Unknown,-0.7156452479018246
183,foot_both,-0.19478654437355167
183,foot_left,-0.11657913942769618
183,foot_right,0.13344342629192196
184,goals_prev,0.23499315777141716
184,assists_prev,0.028755997866033174
184,minutes_prev,0.6038835883742358
184,goals_per90_prev,0.4249690649594377
184,appearances_prev,-0.33074170234643213
184,age,-0.027062970731335553
184,valuation_eur,0.14925184436402478
184,valuation_growth_12m,0.08773824295450858
184,club_mean_valuation_eur,0.4746424110395639
184,height_cm,0.0866601116680444
184,club_change_known_at_cutoff,0.12917037593672787
184,position_Attacking Midfield,-0.650921451979815
184,position_Centre-Forward,0.5260469520605939
184,position_Left Winger,-0.07256125305448857
184,position_Right Winger,-0.150072111862199
184,position_Second Striker,0.307580656069715
184,league_ES1,-0.5324755720240212
184,league_FR1,0.25458504332781784
184,league_GB1,-0.1216805364754745
184,league_IT1,0.1543356774244942
184,league_L1,-0.3061910512453673
184,league_NL1,0.4857502185094799
184,league_PO1,0.37913424821410563
184,league_RU1,-0.17392185334706942
184,league_TR1,-0.17946338315017768
184,foot_Unknown,0.24975591684018314
184,foot_both,0.14129786046965231
184,foot_left,-0.3565833802122385
184,foot_right,-0.07439760586379271
185,goals_prev,0.4297746364289724
185,assists_prev,0.03128765214093206
185,minutes_prev,0.5444785048804839
185,goals_per90_prev,0.23541981754369853
185,appearances_prev,-0.23227166459611268
185,age,-0.1004627760483618
185,valuation_eur,0.25566642968903175
185,valuation_growth_12m,-0.029364013793627637
185,club_mean_valuation_eur,0.31545586450996177
185,height_cm,0.07044485429898116
185,club_change_known_at_cutoff,0.13984883609738966
185,position_Attacking Midfield,-0.6577711277796675
185,position_Centre-Forward,0.37369957799028514
185,position_Left Winger,-0.16061457940477375
185,position_Right Winger,-0.09312602984128983
185,position_Second Striker,0.4993685146771122
185,league_ES1,-0.158150039626296
185,league_FR1,0.22443718479674157
185,league_GB1,-0.35128050284416734
185,league_IT1,0.19105798291109097
185,league_L1,-0.2765890506330739
185,league_NL1,0.5568964415169153
185,league_PO1,-0.27274012133106795
185,league_RU1,-0.2234845359409954
185,league_TR1,0.27140899679251584
185,foot_Unknown,0.10251202122751057
185,foot_both,0.021729606983144623
185,foot_left,-0.2060217773908373
185,foot_right,0.04333650482180315
186,goals_prev,0.2701858884040298
186,assists_prev,0.07486337364488979
186,minutes_prev,0.5615442949509901
186,goals_per90_prev,0.3066096477133683
186,appearances_prev,-0.2677550112409446
186,age,-0.06114040699686637
186,valuation_eur,0.3444032080312137
186,valuation_growth_12m,-0.015568169617324674
186,club_mean_valuation_eur,0.24387386023122942
186,height_cm,0.14316671144112678
186,club_change_known_at_cutoff,0.03770210798989321
186,position_Attacking Midfield,-0.678339872660309
186,position_Centre-Forward,0.4114167916263184
186,position_Left Winger,0.08166606544979642
186,position_Right Winger,-0.03536896783802908
186,position_Second Striker,0.1967161666805664
186,league_ES1,-0.14142010394472096
186,league_FR1,0.30119293439815825
186,league_GB1,-0.25786564369138065
186,league_IT1,0.19093808056524728
186,league_L1,-0.5970473058834561
186,league_NL1,0.37100666945978755
186,league_PO1,-0.02890372887896789
186,league_RU1,-0.12655735724162503
186,league_TR1,0.2647466384752978
186,foot_Unknown,0.8047930526299248
186,foot_both,-0.3246409788389388
186,foot_left,-0.3618471382771734
186,foot_right,-0.14221475225548066
187,goals_prev,0.5848388637650916
187,assists_prev,0.06766207082533358
187,minutes_prev,0.4696084148343582
187,goals_per90_prev,0.011810692959794167
187,appearances_prev,-0.26681128028471
187,age,-0.05349597576633834
187,valuation_eur,0.14425939216751008
187,valuation_growth_12m,0.008559042553917035
187,club_mean_valuation_eur,0.4177646587768378
187,height_cm,0.18862149973260425
187,club_change_known_at_cutoff,0.033761304168576166
187,position_Attacking Midfield,-0.5263845917269558
187,position_Centre-Forward,0.5034307242383488
187,position_Left Winger,-0.008974928763899256
187,position_Right Winger,-0.3018133414631053
187,position_Second Striker,0.3164046353208253
187,league_ES1,-0.08164396444319524
187,league_FR1,0.18625848144853613
187,league_GB1,-0.18558988875283303
187,league_IT1,-0.04330614942746074
187,league_L1,-0.2738301470800021
187,league_NL1,0.6719171016714099
187,league_PO1,-0.1943880735781848
187,league_RU1,-0.19171664979519998
187,league_TR1,0.09496178756214983
187,foot_Unknown,0.791496964707022
187,foot_both,-0.22809648615539813
187,foot_left,-0.4156678943299324
187,foot_right,-0.16507008661650108
188,goals_prev,0.487025815924938
188,assists_prev,0.06969326516181655
188,minutes_prev,0.43523407337012787
188,goals_per90_prev,0.14848315425681083
188,appearances_prev,-0.18556833281281676
188,age,-0.07751244275902452
188,valuation_eur,0.25318602313994426
188,valuation_growth_12m,0.022708283359137223
188,club_mean_valuation_eur,0.33727627802171284
188,height_cm,0.125167054990998
188,club_change_known_at_cutoff,0.09669117504558185
188,position_Attacking Midfield,-0.5283956736074993
188,position_Centre-Forward,0.6059073667123289
188,position_Left Winger,-0.036877717337876106
188,position_Right Winger,-0.27211296651309597
188,position_Second Striker,0.17515942681935576
188,league_ES1,-0.10971907065602779
188,league_FR1,-0.23919295572752364
188,league_GB1,-0.14311047981385858
188,league_IT1,-0.07785478362273783
188,league_L1,-0.24164655577444216
188,league_NL1,0.6412650513971951
188,league_PO1,0.3952433263852289
188,league_RU1,-0.21795945729255967
188,league_TR1,-0.06334463882206984
188,foot_Unknown,-0.003116755884879454
188,foot_both,-0.10061268628584792
188,foot_left,-0.026047862151237215
188,foot_right,0.07345774039516813
189,goals_prev,0.3207348055540151
189,assists_prev,0.0038819731490080307
189,minutes_prev,0.7082119872118805
189,goals_per90_prev,0.39361419781753654
189,appearances_prev,-0.3679040124734518
189,age,-0.037857657620749906
189,valuation_eur,0.25598729079638294
189,valuation_growth_12m,0.05928037436559683
189,club_mean_valuation_eur,0.26660472432314053
189,height_cm,0.15189821106281012
189,club_change_known_at_cutoff,0.1284418683121962
189,position_Attacking Midfield,-0.5873423679517787
189,position_Centre-Forward,0.21127186141320894
189,position_Left Winger,-0.028670510628965567
189,position_Right Winger,-0.10666183141854345
189,position_Second Striker,-0.3567444610358761
189,league_ES1,0.0576942716792183
189,league_FR1,0.0796317437478105
189,league_GB1,-0.2080491884527697
189,league_IT1,0.0018878359871136782
189,league_L1,-0.4153683108713728
189,league_NL1,0.1005859227475519
189,league_PO1,0.14618803923341234
189,league_RU1,-0.4100497532905343
189,league_TR1,-0.22066787040238414
189,foot_Unknown,0.8048246477645121
189,foot_both,-0.40484611236770274
189,foot_left,-0.7411420265423521
189,foot_right,-0.5269838184764097
190,goals_prev,0.1454405702776565
190,assists_prev,0.038098997128796185
190,minutes_prev,0.528357081522883
190,goals_per90_prev,0.39347122417701674
190,appearances_prev,-0.15454697958668134
190,age,-0.04914205569443148
190,valuation_eur,0.36078915782034093
190,valuation_growth_12m,0.06794175811159145
190,club_mean_valuation_eur,0.36577426374147354
190,height_cm,0.1299018336111291
190,club_change_known_at_cutoff,-0.03851113642779502
190,position_Attacking Midfield,-0.3971472160847137
190,position_Centre-Forward,0.43817145451943934
190,position_Left Winger,-0.0749781732736853
190,position_Right Winger,-0.32635671022733115
190,position_Second Striker,0.35059162940320043
190,league_ES1,-0.1611208870056166
190,league_FR1,0.16356682827111127
190,league_GB1,-0.48796775528472375
190,league_IT1,-0.11732029738039845
190,league_L1,-0.271396033755844
190,league_NL1,0.5526527119230213
190,league_PO1,0.2630085795292071
190,league_RU1,-0.13336611412822014
190,league_TR1,0.1822239521683781
190,foot_Unknown,1.0799741506867526
190,foot_both,-0.2978505241846571
190,foot_left,-0.5643028635771247
190,foot_right,-0.22753977858805408
191,goals_prev,0.3150565086453803
191,assists_prev,0.054303708959637285
191,minutes_prev,0.536343506058598
191,goals_per90_prev,0.31463455473850205
191,appearances_prev,-0.28167180555993643
191,age,-0.07304104852657704
191,valuation_eur,0.27491290957379005
191,valuation_growth_12m,-0.058505160963218186
191,club_mean_valuation_eur,0.21384900384432848
191,height_cm,0.06442559803938139
191,club_change_known_at_cutoff,0.08473067796646219
191,position_Attacking Midfield,-0.3945270635356124
191,position_Centre-Forward,0.504095994757435
191,position_Left Winger,0.13058098282135266
191,position_Right Winger,-0.23804712251829319
191,position_Second Striker,0.028065185387228058
191,league_ES1,-0.13162381979420365
191,league_FR1,0.353433115418505
191,league_GB1,-0.24985398560985933
191,league_IT1,0.3714757996639163
191,league_L1,-0.3148173467026655
191,league_NL1,0.1669784878973075
191,league_PO1,0.12242682009642926
191,league_RU1,-0.34299446001843614
191,league_TR1,0.055143365961115805
191,foot_Unknown,-0.13036139666349983
191,foot_both,-0.08281323333895962
191,foot_left,0.06317038222340658
191,foot_right,0.18017222469114003
192,goals_prev,0.45516347283092673
192,assists_prev,0.012199964368781917
192,minutes_prev,0.48735642893229314
192,goals_per90_prev,0.1508619873177485
192,appearances_prev,-0.2821067134746841
192,age,0.07641453003882936
192,valuation_eur,0.39431334366916493
192,valuation_growth_12m,0.07507070541145136
192,club_mean_valuation_eur,0.27783780694833243
192,height_cm,0.1868820973215675
192,club_change_known_at_cutoff,-0.09008763879088777
192,position_Attacking Midfield,-0.593288343459866
192,position_Centre-Forward,0.3957059099819068
192,position_Left Winger,0.16528674258046994
192,position_Right Winger,-0.1835904023928189
192,position_Second Striker,0.20456376657459957
192,league_ES1,-0.12385318458116831
192,league_FR1,0.18806657009131275
192,league_GB1,-0.11258471931477915
192,league_IT1,-0.13375086077151196
192,league_L1,-0.1966015350189473
192,league_NL1,0.7297546299230612
192,league_PO1,0.1826922945715022
192,league_RU1,-0.43706649062068315
192,league_TR1,-0.10797903099448133
192,foot_Unknown,0.058745235396734034
192,foot_both,-0.026857200882881606
192,foot_left,-0.14261950736893342
192,foot_right,0.09940914613939182
193,goals_prev,0.23318624279649947
193,assists_prev,0.058133719744392916
193,minutes_prev,0.6369248785008245
193,goals_per90_prev,0.27473102821549716
193,appearances_prev,-0.38537707382754455
193,age,-0.08512117581908396
193,valuation_eur,0.35695569821766754
193,valuation_growth_12m,0.0047343016153254605
193,club_mean_valuation_eur,0.3561734798483872
193,height_cm,0.168803981722232
193,club_change_known_at_cutoff,0.014897194805373461
193,position_Attacking Midfield,-0.6457315358394506
193,position_Centre-Forward,0.5119739959060802
193,position_Left Winger,0.09418590748545932
193,position_Right Winger,-0.22297495315389543
193,position_Second Striker,0.21181122326388488
193,league_ES1,-0.15128632540458617
193,league_FR1,0.06699938306253982
193,league_GB1,-0.39317899976624143
193,league_IT1,0.034368717858891985
193,league_L1,-0.16341705609920584
193,league_NL1,0.30372275060571574
193,league_PO1,0.20694382693760294
193,league_RU1,-0.09221134185271428
193,league_TR1,0.1373236823200751
193,foot_Unknown,0.6977128026950095
193,foot_both,-0.14740078172543206
193,foot_left,-0.3737684836993676
193,foot_right,-0.2272788996081348
194,goals_prev,0.6428563396845984
194,assists_prev,0.11366783877891264
194,minutes_prev,0.4043693580056259
194,goals_per90_prev,-0.06316065484328702
194,appearances_prev,-0.3535296368645811
194,age,-0.04676721516443144
194,valuation_eur,0.24787399785894063
194,valuation_growth_12m,0.015002489125350389
194,club_mean_valuation_eur,0.45390436440686727
194,height_cm,0.09564586888434337
194,club_change_known_at_cutoff,0.08429342391310868
194,position_Attacking Midfield,-0.5309653987064001
194,position_Centre-Forward,0.6715337950461642
194,position_Left Winger,0.0005238794760267355
194,position_Right Winger,-0.30242998470001775
194,position_Second Striker,0.11427565737381938
194,league_ES1,-0.14395885509660286
194,league_FR1,0.11228670045487424
194,league_GB1,-0.37429526843121513
194,league_IT1,0.19139880051683472
194,league_L1,-0.47207105599397886
194,league_NL1,0.6078319042779391
194,league_PO1,0.07261403063719266
194,league_RU1,-0.26300039361875405
194,league_TR1,0.22213208574331203
194,foot_Unknown,0.42982122996378896
194,foot_both,0.006646489123802616
194,foot_left,-0.3555738203527415
194,foot_right,-0.12795595024526057
195,goals_prev,-0.05566649187096934
195,assists_prev,0.14676555339374894
195,minutes_prev,0.6550627117319228
195,goals_per90_prev,0.5989536310032839
195,appearances_prev,-0.24780960751222997
195,age,-0.007052995644805457
195,valuation_eur,0.2346428190246085
195,valuation_growth_12m,-0.013680220651978254
195,club_mean_valuation_eur,0.2889241298548836
195,height_cm,0.09475265564762692
195,club_change_known_at_cutoff,0.12519857511066357
195,position_Attacking Midfield,-0.6528375599863235
195,position_Centre-Forward,0.595268573839876
195,position_Left Winger,0.06749221886683447
195,position_Right Winger,-0.2890156542569675
195,position_Second Striker,0.26931922209237724
195,league_ES1,-0.10331432305387006
195,league_FR1,0.26083799310190986
195,league_GB1,0.02222022880960046
195,league_IT1,-0.013222992460198202
195,league_L1,-0.25899169870329974
195,league_NL1,0.3366359014007743
195,league_PO1,0.12475005668372965
195,league_RU1,-0.3296656862810823
195,league_TR1,-0.04902267894176552
195,foot_Unknown,0.5841526893428165
195,foot_both,0.013905244631310126
195,foot_left,-0.33689730430057185
195,foot_right,-0.2709338291177561
196,goals_prev,0.11040842475515285
196,assists_prev,0.04557164848066099
196,minutes_prev,0.6783560020161592
196,goals_per90_prev,0.4727371945651311
196,appearances_prev,-0.27454645443660236
196,age,-0.11739930995832656
196,valuation_eur,0.09951144016189442
196,valuation_growth_12m,0.07828287977611782
196,club_mean_valuation_eur,0.48873484687229307
196,height_cm,0.15890440056516317
196,club_change_known_at_cutoff,0.027101438324669117
196,position_Attacking Midfield,-0.5120288067487748
196,position_Centre-Forward,0.4033512229528132
196,position_Left Winger,-0.03980832109491815
196,position_Right Winger,0.07470424386231192
196,position_Second Striker,0.021059644194303364
196,league_ES1,0.029627522032707732
196,league_FR1,0.17588558716420719
196,league_GB1,0.09157756166619989
196,league_IT1,0.13551301082964087
196,league_L1,-0.3825822844709956
196,league_NL1,0.4418084532991455
196,league_PO1,-0.21100608545659
196,league_RU1,-0.23573126904888284
196,league_TR1,-0.09781451284968751
196,foot_Unknown,0.9101083327579366
196,foot_both,-0.126902903519248
196,foot_left,-0.5267837915146245
196,foot_right,-0.30914365455831483
197,goals_prev,0.32458856670059216
197,assists_prev,0.078331020374333
197,minutes_prev,0.9353637786468815
197,goals_per90_prev,0.23761265738202605
197,appearances_prev,-0.62968218143071
197,age,-0.11082440913161774
197,valuation_eur,0.21304781657754196
197,valuation_growth_12m,0.04967275068538638
197,club_mean_valuation_eur,0.44004720275526915
197,height_cm,0.1606836357929107
197,club_change_known_at_cutoff,0.060179819499740626
197,position_Attacking Midfield,-0.5746129095959445
197,position_Centre-Forward,0.5608333019283857
197,position_Left Winger,0.09459495857391753
197,position_Right Winger,-0.3140439809390703
197,position_Second Striker,0.19872737630791773
197,league_ES1,0.026886229073053297
197,league_FR1,0.15008424582279783
197,league_GB1,-0.15361544909751815
197,league_IT1,0.11449827943940034
197,league_L1,-0.2922930256697902
197,league_NL1,0.33893763613083777
197,league_PO1,0.04758798193275001
197,league_RU1,-0.354331890184194
197,league_TR1,0.08774473882786177
197,foot_Unknown,0.5568878046584157
197,foot_both,-0.08367744075745154
197,foot_left,-0.3826106356584009
197,foot_right,-0.12510098196736114
198,goals_prev,0.3959619071832283
198,assists_prev,0.01847133392620617
198,minutes_prev,0.40159018706412153
198,goals_per90_prev,0.21943852088169277
198,appearances_prev,-0.23109092412179066
198,age,-0.00665953851805829
198,valuation_eur,0.29998970779200124
198,valuation_growth_12m,0.09824243670687641
198,club_mean_valuation_eur,0.4165597867088954
198,height_cm,0.15737748574924373
198,club_change_known_at_cutoff,0.05348004447040251
198,position_Attacking Midfield,-0.6385591083613256
198,position_Centre-Forward,0.3653324027132043
198,position_Left Winger,-0.07721459788565956
198,position_Right Winger,0.0749085606229998
198,position_Second Striker,0.230716060373892
198,league_ES1,-0.21267137708465209
198,league_FR1,-0.0722752993259843
198,league_GB1,-0.1843826116185735
198,league_IT1,0.2135924100669212
198,league_L1,-0.4258869543260565
198,league_NL1,0.6455291336299868
198,league_PO1,0.18083293432330189
198,league_RU1,-0.2980809872888932
198,league_TR1,0.10852606908703133
198,foot_Unknown,0.9863574192457043
198,foot_both,-0.08128002537126726
198,foot_left,-0.5388080656794473
198,foot_right,-0.41108601073186896
199,goals_prev,0.09192653015770548
199,assists_prev,0.12290862904315415
199,minutes_prev,0.5878652741705054
199,goals_per90_prev,0.5059900251953355
199,appearances_prev,-0.18255980756999216
199,age,-0.049269919441663965
199,valuation_eur,0.19157993846143928
199,valuation_growth_12m,-0.043872937100155246
199,club_mean_valuation_eur,0.35802323196442826
199,height_cm,0.1898242332996266
199,club_change_known_at_cutoff,0.05264460281817056
199,position_Attacking Midfield,-0.18597206086060217
199,position_Centre-Forward,0.5632164135507494
199,position_Left Winger,0.0053949223307415625
199,position_Right Winger,-0.39179802522673757
199,position_Second Striker,-0.04171734666141004
199,league_ES1,0.027017311561318088
199,league_FR1,0.4206576356974777
199,league_GB1,-0.4674964580976556
199,league_IT1,0.18301658689849096
199,league_L1,-0.6643582610824804
199,league_NL1,0.5884142068068229
199,league_PO1,-0.015917650929569267
199,league_RU1,-0.4336210925363662
199,league_TR1,0.31141162481470763
199,foot_Unknown,0.6886986194639098
199,foot_both,-0.03099919723974066
199,foot_left,-0.4942268035727723
199,foot_right,-0.21434871551864915
